dotnet_test,dotnet_pred
245800,215273
137900,137371.9
218200,196973.5
220800,135068.7
170500,177909.7
75000,72692.1
269400,272285.2
228900,225376.6
500001,479366.7
80800,67209.3
170000,142050.4
87800,73665.2
242200,223053.1
165500,140204.5
164000,100761
238000,165137.7
283300,219164.5
249400,282150.3
143600,161907.5
333100,350135.8
164900,179619.9
216100,140445.9
188700,172930.5
59600,84547
181400,197594.1
224200,260094
238200,228133.9
210300,196623.1
253400,320228.4
85800,103247.2
90900,107058.9
131300,149815.9
209700,214186.3
244800,218052.5
283800,271174.8
400000,287120.4
500001,484993.2
73500,79289.7
169600,124924.2
340300,328462
142500,165359.3
71800,63915.6
197200,192486.1
114600,120767.8
350000,212123.7
157000,146581.1
111500,136389.8
500001,431357.7
346200,295656.2
212100,225777.9
177500,156969.7
159600,230985
145900,160647.7
176300,178095.8
133700,236939.6
495500,385131.3
213400,211550.1
266300,259051.4
500001,413047.7
67500,89435.1
170900,139619.8
203400,203876.7
66900,65414.6
365900,438867.8
347700,338362.2
422000,405795.9
131300,184578.8
187100,188211.8
200000,166918
242800,253894.2
234300,255807.2
269000,356477.2
112500,233008.5
500001,477077.8
199800,232824.2
252600,262524
83500,97530.9
323800,345398.5
141000,145515.7
159500,156388.3
477800,445128.9
82800,123927.2
123800,86735.4
340400,391171.7
186200,180942.2
248700,266085.4
188000,176507.2
183000,172361.9
494700,457854.8
308800,264901.3
255400,245272.6
155100,139189.5
103000,95579.7
50500,96114.5
482200,443777.4
50000,80868.7
500001,409041.1
55000,107080.5
204200,212688.1
142000,123639.7
154600,139696.5
83800,101869.2
219400,92639.7
108300,81803.8
212300,210749.1
129200,200897.2
351500,307837.3
500001,334597.3
194500,204019.5
110700,93424.7
500001,205211.6
310900,330008
94700,106061.4
369700,357608
208800,227073.3
163100,135622.1
157600,189700.3
114000,206260.5
210400,231040.9
249400,324936.1
165100,196434.1
500001,395082.1
280800,312651.2
313800,274059.3
244600,239661.3
500001,344253.7
104100,124793.9
84600,120295.9
144800,175348.8
257200,226482.5
500001,330120.4
322600,171450.6
154300,173057.8
189000,221958
80900,110499.4
120000,115612.7
144600,152869.7
229100,230139.1
199200,227505.5
128900,156746.7
64700,84771.6
276600,255235.4
158900,193128.4
149000,124537.4
336000,237771.4
112500,264632.7
115800,106443.1
213800,163586.5
247300,276665.9
113300,74654
176000,203008.6
99300,194968.9
223400,225317.1
183300,190251.3
341700,336718
119500,126252.4
194800,196343.6
101600,131110.3
160400,175743.8
123600,167772.2
132100,137780.3
121400,156372.5
500001,445709.1
436800,308322.5
156300,169658.6
230800,301844.4
116400,141478
131600,151221.9
107900,139622.3
120100,148469
275000,292722
292600,313679.8
229200,229668.5
315800,296432.2
226000,220828.7
214600,215098.4
65800,51522.5
157700,177263
114100,140250.7
147200,138583.1
219200,279201.7
275800,297788.7
260500,253206.6
213100,238095.6
500001,491260.2
76200,75864.8
90100,132928.2
101400,105923.2
181200,176626.8
500001,382656.7
366100,285972.3
288500,213556.3
141800,162690.2
500000,414718.9
200000,243236
191400,225683.8
420000,426095.4
259600,266099.8
87800,96545.3
96900,103482.7
229000,225469.3
183300,161203.6
148100,182165.1
226300,235056.1
95600,122094.2
131000,153787.9
390600,330512.4
72700,92064.7
462700,332749.2
233800,193777.5
347600,272520.1
137500,71157.9
270500,297181.1
217100,253501.6
152300,164164.1
99800,108882.1
82100,101170.3
265900,240448.3
209900,244546
346800,262534
187500,210882.9
270700,273957.1
97300,95034
362500,307213.5
98700,162225.4
254600,225088.8
494400,440433.2
72300,74685.7
70400,78975.1
99800,133647.4
72800,85604.7
500001,378300.4
126000,114173.2
56200,73151.8
104200,79147.2
293200,304054.2
73000,97136
290400,296956.4
167400,203294.3
121400,96734.5
94000,113101
160600,144833.8
234900,190553.1
122700,148126.8
118800,108665.3
137500,167696.7
72900,96024.5
81300,85287.3
152700,158127.2
100400,133450.7
156800,198111
396300,277147.2
256300,266256.7
287500,331053.1
178200,202291.3
475800,481841.7
392400,416039.8
387500,380995.7
147100,151083.9
246700,199623.4
264400,158240.6
105100,140017.9
127800,137144
90500,83506.3
70000,249660.2
65000,82033.8
111200,106031.9
175800,185875.3
57400,72285.3
175000,187256.2
245800,342631.2
169100,165155.7
268700,279307.1
152600,157486.8
291500,308972.2
174200,211269.5
178600,202398.9
139600,135614.8
96300,117003.4
183300,166403.6
158900,176948.9
341900,377448.4
92600,83718.9
166300,225594.6
93100,93012.6
374000,404894.1
206100,174490.7
92200,83329.8
173400,203159.9
89200,89751.7
116100,105716.8
289200,289617.2
350000,422713.5
174300,231792.1
118200,152452.3
141700,116468.4
426900,341518.2
67500,69498.5
239200,248942.7
200500,197851.2
113700,84766.8
227700,214486.4
244000,224885.4
233700,201208.3
432400,503102.4
60000,98061.1
206300,237334.6
286500,284359.2
87500,289901.3
362500,198234.6
184600,155884.6
311100,242250.1
125000,179162.8
346200,199065
277600,240298.7
119200,126983.2
110500,133244.8
143200,129937.3
500001,514452.7
500001,520193.2
192500,164232.2
265200,242537.5
156100,132101
343400,357449.2
165400,176223.9
326500,165595
54600,67277.7
109400,112462.9
124000,146818.8
193200,151847.2
185500,239595.3
315600,325539.1
260500,278290.4
109700,175196.2
191100,143436.4
155500,165790.2
55200,51749.2
500001,494682.1
500001,527311.1
234900,236649.3
110800,121237.2
224400,280871.4
271200,263744.4
178000,174858.1
188500,177927.2
228900,230711.9
183800,172570.6
85400,102986.3
116700,132647.9
278200,251005.8
239100,278245.4
216800,181265.9
128800,100820.8
402300,346152
203300,238639.4
72200,89295.2
170700,160033.8
222100,243506.6
223900,264752.8
130100,176311.4
93800,106926.3
139200,156064.6
302200,253953.6
54300,103718.4
187500,149483.4
163400,144568.5
230700,258362.4
151700,184511.1
191400,148040.7
160100,236680.4
208500,333742.4
52100,65688.8
282100,298469.4
218100,179514.5
465800,334900.9
144300,159087
113600,112615.4
87300,79279.7
282500,334073.8
259400,276183.1
274800,307310
500001,505968.5
143000,151631
84200,87062.2
72900,109081.6
500001,497125.8
455500,453917.8
164600,228390.2
257600,231050.3
169800,203799.6
98500,91750.2
56700,72191.2
175000,165033.7
187500,222643.8
60000,137969
159400,183455.2
181900,210253
381300,361863.4
416700,475209.7
292500,218089.3
78400,86034.7
71300,96231.1
246400,301914.5
258100,207077.4
500001,497061.1
200000,250138.1
181800,177820.6
250000,513817.8
276200,250430.3
292900,321814.3
101000,117706.5
63300,57192.6
265300,301259.1
225000,212196
114200,144829.5
139800,171311.1
286300,248811.8
55200,58199
231200,337526
269100,261107.3
95000,93768.3
219500,306111.7
182400,126135.8
109100,114228.6
500001,459737.6
246000,195168
236900,216508.5
270000,163248.6
293500,411578.2
500001,499642.3
159200,206010.5
500001,479915.5
500001,506194.5
142100,164423.3
126600,116515
173400,181313.1
141900,158555.8
216500,171870.3
250000,241948.5
119800,138399.3
111500,98945.9
239000,255253.5
369300,327404
290900,298000.2
200300,181722.2
85900,83355.8
282100,211760
380600,411680.1
122600,108828
500001,505322.3
161700,137920.4
458300,366632.8
122500,158827.9
348400,340575.6
121400,136225.2
196900,179558.4
500001,362494.2
393100,333498.2
215900,215165.9
126300,140256
119400,97230.9
145200,156246.6
107800,107940.3
73000,77305.2
116000,112852.2
132900,152080.6
159800,125051.3
238000,163113.7
47700,58906.8
393800,349707.7
379300,387504.9
263300,238594.8
280900,230448.8
147300,130669.9
84800,88212.1
86900,94545.2
75000,74038.9
86400,70240.1
186300,241862.3
93000,82329.6
345300,296489.1
343100,331820.6
354700,287639.1
406200,362778.3
109400,156959.3
136800,140448.5
425000,296224.9
246200,243450.6
164700,184026.2
429000,285773.5
87500,119079.6
358600,313471.9
322900,397731.2
117200,84345.9
84600,106460.7
126900,120707.1
105600,151096.1
80000,86387.7
89600,105325.2
148200,150197.3
191900,170627.1
99300,119410.5
354500,357922.4
180800,223543
172700,173101.3
282400,346054.7
47000,69910.2
500001,501247.3
108000,132479.4
282500,288171.2
201200,186807.6
165300,127347.7
66100,72570.6
72500,100968.2
113900,99535.5
222500,232223.4
137300,154942.3
197500,160985.7
189700,144969.3
103400,98648
227100,246460
460200,393606.1
185400,303849
221600,245535.7
388700,401641
176000,223423
330800,327195.1
257000,250809.7
185400,217513.8
158500,139661.1
500001,496296.4
221800,237253.7
137100,148407.8
80400,78001.1
65900,56328.5
351000,352135.3
300000,283929.1
190400,209662.8
73500,65537
156600,184009.6
153600,147749.5
142500,141989.6
160700,139224.6
348500,443346.7
117800,117710.2
178600,211055.4
175000,203225.8
112500,102095
200000,205737.8
93800,104641
500001,467670.2
54100,52252.9
217300,207931.9
397800,331357.8
152100,206647.4
108400,141155.5
192700,238764.7
233800,164593.5
195100,191571.2
90600,97444.8
132200,139423.1
73100,105074.4
396800,344280.2
90900,115591.3
213500,204798
181700,196623.6
180400,135925.8
162500,215712.4
81700,135507.9
314700,249459.4
78800,72980.5
146200,155931.4
121200,152834.5
293700,220934.9
138100,183582
293100,249655.1
358100,242100.9
157500,96743.6
355000,300451.9
103600,105005.9
110600,100995.1
192200,240418.8
281600,326302.6
71900,64815.3
333900,350299.9
161800,181492.3
88600,84185.7
134600,136366.2
134200,148006.3
73100,90644.7
155500,221006.2
188300,271696.8
55700,74076.9
272500,233830.2
116000,154786.8
231300,185994.1
248400,294635.5
412500,326919
137500,151321.5
166300,190081.3
368300,356993.8
66800,107567.5
183200,173521.4
189100,197602.2
390100,414683.2
137500,134906.8
91000,112355.9
152500,157552.2
333300,467005.4
500001,491192.5
383600,399153.6
177400,163586.8
65400,50771.7
135600,116206.9
428300,372669
157300,176112.1
218300,229735.4
432700,419670
173200,186720.1
65200,78290.1
113600,93294.7
113900,124596.3
83200,87077.1
351300,375462.1
219400,238706.1
181500,237932.1
106300,160867.5
185900,225675.1
332500,324964.3
275000,103901
136600,153852.1
233900,207505.5
178000,180461.4
169100,178353.7
281300,263911
222100,215784.3
193200,215581.1
147200,161023.8
43300,62163.3
154700,171695.9
410000,262785.7
157700,179346.2
270600,292078
176100,196473.2
140700,113028.2
91400,100659.2
49800,55508.5
240500,214752.2
141300,117457.8
88900,78025.6
119700,106278.2
225000,220650.8
128100,114026.2
62100,68426.2
221700,171397.8
500001,369254.1
464600,458868.1
400400,429697.1
157500,189050.6
279400,277618.5
152900,170731.1
47500,74590.9
170400,177008.9
500001,504635.9
248600,215729
41400,58784.4
218300,225666.6
105600,91158.1
170800,155228.6
132600,186149.8
257400,299156.9
276400,282668.7
163500,176813.2
485700,329330.4
223500,200755
113400,144065.4
205300,128334.7
170400,169973.9
233300,290540.1
186000,212854.2
167800,237688.5
212000,214942.8
262500,231189.1
191800,236209.2
158800,169926.8
420100,421165.1
185600,181774.1
199400,259970.6
213600,160518
69000,61415.9
158900,158879.2
128100,121790.1
423100,385948.5
169300,201678.9
280000,404549.8
356000,365318.3
58000,53729.7
80600,113259
265600,276478.2
229200,233941.3
150900,156153.2
190300,170361.4
234000,236779.2
196000,197721.7
118300,133935
84900,88399.3
120200,102176.8
500001,153639.3
500001,502318.9
119600,86666.5
500001,427919.2
120700,123731.1
69800,113007.7
355800,365111.9
270800,314493.2
400000,307404.7
330700,356777
175000,153024.5
159700,221367.9
183800,193898.7
314000,266925.7
81300,113216.6
52500,213352.3
158300,178988.5
67500,145483.3
341200,377141.4
54700,56941.3
149600,164458.2
109600,139653.5
49500,62135.3
329800,376545.5
150000,141454.5
327100,354604.6
135000,150501.5
405100,397394.2
387300,332981.5
500001,386921.2
331000,364713.8
125000,103624.6
264900,290923.3
69400,69775.6
79400,81231
164900,129797
151700,211670.5
127700,124014.8
146000,177362.4
200000,107118.4
156900,192266.8
435200,328347.8
188000,190138
187500,232661.8
86300,201781.8
488900,400853.6
154300,160095
214800,236229.6
104900,117013.8
299600,265598.8
211700,193401.8
159400,99884.8
300900,363304.8
132300,95549.4
133700,156127.9
258300,234713.9
443800,345239.5
438900,398281.9
362600,410265.7
334100,296435.9
117300,122179.8
74500,74671.6
263700,267018
103600,120139.1
135000,127798.1
158500,188452.9
118800,102975.3
321900,347030.1
171700,162202.8
93400,105082.4
123500,94864
133600,136742.7
61000,89368
133800,132270.2
155600,171774.6
62800,53286.2
136700,78004.1
500001,421374.8
87500,136936.4
369400,309591.6
158000,202338
122600,106119.6
236100,296458.2
189600,198874.2
138300,156326.8
67000,84564.6
143800,138735.8
330300,316254.9
148500,181098.5
66800,78352.2
236900,216376.8
168100,110288.3
204300,224293.6
83500,120597.2
110600,102672
152600,153448
276800,193411.6
217300,251748.2
322600,336771.7
358200,308765.8
47500,62801.6
179200,150375.1
350000,309344.8
275000,208875.1
363500,331277.6
137500,172381.8
148800,159837.4
264700,309384.8
153800,156244.5
78900,98992.8
225200,235429.9
380000,488489.8
350000,152067.5
134200,160522
212500,228315
254200,212112.1
410000,380030.2
254500,201361.9
254200,252190
500000,323150.1
363800,356314.2
350000,178664.3
295900,213812.2
182300,206378.2
169400,186606.4
221100,226053.6
257800,254171.1
142300,133792.8
81300,77318.6
168100,157435.2
68600,36834.3
138500,138052.4
165200,182805.5
253900,186144.8
300300,276167.9
233200,260024.1
208300,217122.6
244500,284391.3
175000,170020.7
234700,286066
188000,220497.5
275000,331967.2
491200,359665.6
321300,341028.4
60000,121363
55800,59645.8
82800,99656.9
500001,513092.8
140600,159993.8
207300,226884.2
139800,172466.7
213800,194741.5
176100,173749.7
267500,397260.2
79800,103475.5
171100,153558.9
367600,381283
189900,188591
267600,265396.4
43900,60154.3
322900,290393.5
169700,187774.3
155800,202250.5
51600,65110.9
105400,107260.6
185700,196647.7
268800,293043
67000,78738.8
344700,304557.7
500001,514799.7
129200,211749.3
142500,125443.2
152800,123069.6
133000,141683.9
148900,157244.1
500001,427989.1
185100,246162
139000,151009.6
162500,121953.1
146400,163521.2
98400,79419.4
230400,225767.7
99200,116906.6
370000,428083.5
85000,97417.9
164600,122522.8
166400,169296.2
125000,116838.7
52600,53286.2
80000,131656.7
95700,86009.9
128300,121986
318500,298676.7
443300,414062.8
267000,295446.2
190300,198145.5
59900,53919.9
231800,166456.7
152500,174825.6
66800,83676.3
236200,250214.4
111700,131923.6
349500,433577.7
184000,200705.6
217700,233818
247900,236910.4
147500,180030.6
107400,112140.3
386400,376874
253800,221240.7
472000,534024.5
76200,74704.3
182100,203229.3
188900,126368.7
369100,359623.7
130100,136803.9
162000,153773.2
115200,126073.9
83600,92141.7
170800,162174.1
228200,225724
215400,192666.7
225200,227780.9
202200,192791.2
381800,457332.8
438500,461418.2
222300,184587.4
353600,345458.5
318100,357263.5
204400,190591
206800,192488.4
154900,206571.8
169700,170361.1
147600,169301.3
84800,69444.8
61200,81571.9
143600,149020.8
134500,143064.5
106200,107701.6
292300,310762.8
222400,185443.9
59000,86694.2
103000,124893
67400,66807.8
143400,124226.9
51500,56158.5
184200,230777.7
76500,80247.1
229200,287316.1
212500,216198.1
110800,99676.1
160000,134265.7
376200,418498.8
201900,173507.5
137900,167652.5
114800,141937.3
139200,114612.3
163900,187580.9
189600,194587.1
67500,171430.4
164900,168494.2
225000,283747.9
184100,230545.9
397000,343346
233100,202318.5
109000,118116.6
398400,413900
113200,112156.1
77100,72042
67000,99224.7
340500,410185.9
112500,80132.8
363500,292032.2
145800,142142
193500,285690.7
86300,100242.1
500001,490401.4
137000,210445.8
374500,422372.3
143000,140571.4
94900,82027.5
500000,425322.3
150500,151610.6
269300,334816.8
265000,224842.7
87500,70438.7
178100,161873
218500,220319.9
238600,223714.8
79800,80959.3
103400,79049.1
353600,421139.2
183600,214417.6
55000,96583.4
162000,193345.9
310600,316182
168300,153287.6
55500,70622.4
312400,262494.7
165200,164693.5
402900,380742.1
96700,82394.6
181800,231477.4
275000,299725
43500,57246.7
255100,307526.5
376600,358192.4
151400,102047.7
238500,190574.2
126800,112177.9
212500,237713.2
320100,290632.8
276000,272131.6
144400,170634.6
362300,336580.6
68600,58053.8
165400,177527.6
273000,254535.1
147500,139659.3
231600,212298.1
64100,62890.8
151400,188079.6
53000,67786.4
227400,194245.7
432100,384629.6
125700,125892
333700,216622.7
90400,123717.9
185600,240874.5
87500,119557
176000,157122.6
53500,77184.1
102500,113607.2
154800,167752.8
67700,78828
69000,76614.3
122700,150063.8
113900,109688
68300,80263.9
482700,373496.6
500001,346941.7
160900,176051.9
164500,172632.2
218100,229279.1
143500,110142.1
426400,390906.8
195300,221688.9
259400,220824.9
144500,133540.9
77100,76105.8
327700,244063.1
190900,204270.1
242100,204603.3
292900,256455.4
187200,137362.8
245500,278801.4
135000,126476.8
500001,479487
311100,298952.6
67500,81394.5
161500,198410.3
184400,174213.7
204700,196177.3
217500,239004.1
192200,167686.6
500001,444422.2
255600,247524.6
164000,156038.2
374600,210523.6
50600,50436.2
105000,107451.3
79200,92103.7
185800,233473.5
228100,154426.7
202900,253478.6
286800,292307.2
138500,105511.5
68500,74286.2
71000,93641.4
275000,205789.5
312500,202278
244800,278752.8
93800,141118.4
274200,264983.1
90200,117987.6
76900,85316.2
151700,150645.1
175000,302921.4
189300,177126.5
98000,130274.2
200000,160607.6
361500,259155.2
258300,327792.3
496000,377384
233000,260118.5
113200,159150.7
365700,439664.8
54600,57228.5
182500,206976.4
151700,200894.5
61200,54436.5
126700,133656.3
200000,237683.2
160000,157559.5
83300,130515.3
258000,231414.2
55500,63870.6
214200,198772.4
201900,197806.8
318700,357232.5
279200,270695
142600,116353.6
87500,91562.6
107900,103581.1
340500,376698.8
252200,212658.1
312500,199233.7
190000,176641
327300,282414.9
201700,229023.7
77100,75558.6
201000,268091.4
191700,203428
340000,294234.1
190800,249890.5
53200,71229.8
101700,106080.3
158500,207538.5
63800,115719.2
166200,163884.7
395000,301221.5
334600,371932.4
228600,224454.2
115400,99905.5
55000,187341
130800,155219.8
78600,99754
58600,50607.1
84700,91833.8
200000,173656.6
171800,148237.2
362800,357583
208900,189996.2
111000,170689.3
218200,225066
208700,239759.9
500001,469100
170300,146025.5
82300,104262.5
185700,221728.5
212500,136291.6
112500,54399.1
174500,188011.5
141300,126263.4
400000,348144.2
243800,313396.5
319000,289727.4
161000,187892.6
500001,310733.3
241700,251903.7
195900,218439.5
122100,145347.4
500001,542207.8
92700,69006
459200,345045.3
500001,480389.4
262000,270074.9
48800,55015
500001,516514.1
334300,274649.8
205100,227647.7
153200,179349.1
366000,370416.2
127100,139472.6
120400,117173.7
137500,221128.2
138700,155440.2
114400,121528.3
269100,247228.4
102500,185296.1
54900,70681.9
130700,121052.1
134500,158817.9
450000,366593.4
72500,62674.6
316700,371606.4
137000,176444.4
101900,87488.1
342400,359363.8
256000,258125.3
400700,409293.2
500001,486140.7
279900,258428.7
93600,102307.4
109500,179003.8
83300,99885.3
331300,315913.4
124100,120552.9
500000,379571.1
162500,142152
439800,385326
500001,487515.7
287500,255870.4
131000,130023.5
207000,269310.2
194100,250278.8
95800,87955.4
277300,328701.2
154700,192487.8
287500,361654.6
107300,108757.3
275900,289857.3
380400,348214.5
190600,158585.7
76400,111423.6
112500,166384.2
500001,499114.5
272200,291495.9
340400,292143.5
364800,279871.4
137500,176616.8
62300,88974
94200,79641.5
179000,134125.2
332600,346062.8
236200,227096.2
250800,321997.4
118300,113628
253800,260294.4
66300,67302.1
97200,148140.5
286100,368445.1
369400,314782.4
97900,135354
218400,203664.9
149500,184396.6
319400,367020.8
60600,70009.1
92200,123032.8
311200,253986.5
118000,133288.4
118100,163254.1
172400,232476.4
60000,72735.6
363800,392174.8
55300,113307.7
212000,203658.5
273300,277919.6
187500,230686.1
400000,288021.6
330500,347721.8
150000,126983.6
344000,370134.5
295800,372905.8
183300,139504.2
189300,212218.3
76100,93788.6
187500,243392.2
95100,105708.3
53600,44949.8
130900,141180.2
68200,63592.3
206300,190265.1
132000,127791.5
347800,329086.5
112500,280522.8
151000,148507.6
426800,479988.8
227800,239293.8
149800,154489.1
152300,179302.6
162700,147147.3
78300,78218.5
355300,415617.7
106300,180325.3
60900,68711.6
95300,86112
353900,446029.7
150500,183251.1
137500,168061.2
113800,141480.2
328900,247711.1
314200,349538.7
66100,70239.8
111400,119970.2
203700,232398.5
227800,279660.2
183800,188635.4
78800,100337.4
175000,216190
60000,299691.4
60000,128888
100800,106483
272600,285252.5
63700,86344.5
288200,291732.4
89300,127692.9
443300,480959.5
131600,142831.1
105400,80734.1
70700,95658.5
68100,85671.8
56700,50505.8
169000,191467.7
92400,176133.5
196200,230857.3
147400,191579.5
280300,324274
334700,373193.2
239900,250117.2
293800,379522.7
153300,169486.6
350000,321008.8
290900,237772.9
75400,117489.4
162500,106016.9
170800,163585.3
193100,181078
127200,120129.5
200500,243126.8
458300,311284.6
167400,181351.5
142500,171787.7
80800,135215.5
117000,122360.4
130800,123262.4
326000,352006.1
115000,103303.3
50800,86752
500001,467579.2
112500,59416.2
208700,192633.7
95200,109072.5
162500,168522.7
225000,254563.5
168100,192966.8
72800,84736.9
185500,213124.5
95300,80762.9
111500,104726.7
159200,142434
225000,244981.2
93800,95671.8
349500,378051.1
162100,161854.1
66600,74501.1
154400,136936
164500,186611.1
135600,121027
66000,96264
207000,202055
217600,195129.4
82000,91931.9
57000,68179.3
500001,563355.8
82800,131750.6
186200,186663.7
129400,141757.2
174600,148529.9
119000,132402.8
89400,81205.1
95600,88314.2
288900,229547.8
203800,265357
327800,253640.2
217800,188342.1
186000,254438.4
177900,171248.5
93300,92155.4
256300,346788.9
217500,200053.7
136200,126932.8
286100,253865.2
103800,102192.5
144300,172886
84200,107381.9
87500,104896.6
276800,206956
146800,127166.5
72400,96908.5
436600,397104.7
474000,433844.9
114300,106771.6
62500,67343.8
170800,174870
100000,104780.3
154200,167577.3
69600,90463.1
97400,105722.5
80100,66831.6
200800,268418.8
363600,412146.4
150300,209649.8
185400,189527.6
53100,53238.6
363100,251322.7
184100,154501.6
500001,382245.8
132800,176058.5
76500,85954.7
205800,196656.6
151800,136031.2
110400,152247.6
156300,118750.7
188800,232186.3
149000,98423.2
145600,126809.1
54400,79793.2
108600,101527.4
283600,250630.7
153300,85298
67900,86487.2
64100,62813
162500,172525.7
300000,247734.2
177400,158454.5
248400,242098.8
54400,78899.6
116400,115405.6
314900,299747.8
97100,104428.1
248700,256734.9
457400,374546.3
171000,146724.6
219000,227836.8
60200,71285.5
156700,174985.9
305800,418064.4
131300,136442.7
140500,125206.5
174400,145114.4
500001,371244.3
129700,127685.5
200900,224565.8
174000,181924.1
267100,218804.6
268100,225613.7
162500,143727.7
155000,79627.6
163500,217234.5
141800,150128.2
100000,142974.3
103100,114283.4
352800,422764.2
60400,58834.9
168800,129722.4
434700,449989.2
195300,161412
171300,118636.2
140500,149768.7
120200,89685
55000,69789.1
215700,297903.6
285800,260108.2
66000,74021.2
290500,258517.1
148300,193212.3
179100,210495.4
500001,391295
128600,177675.2
500001,490459.8
160100,173481.1
241300,295905.8
377200,366168.4
500001,490784.1
151700,164096.1
196000,152827
133900,137999.5
240800,119846.1
500001,340654.7
154200,226581.6
134600,210359.1
500001,471634.1
500001,504749.4
107200,93152.9
350900,362840.2
382200,393792.9
88600,77593
179100,176461.7
446600,427678.2
174300,210575
234600,232440.4
252400,250448.6
182500,226111.1
216200,205772
100600,93457.4
122500,196139.1
101500,118165.7
58000,85005.4
107500,128544.8
125000,227422.1
284900,287745.3
500000,214843.9
99600,112579.5
92300,100447.7
128400,125013
230900,234593.4
154200,137319.7
224200,225840.7
239300,243985.1
345000,311885.6
165200,186432.3
147800,117343.8
163000,136034.1
57500,55491.4
149600,148854.6
153700,169791.2
72300,85076.9
329400,276297
57600,63535.8
210500,234264.9
60900,91936
115200,180949.1
92300,104086.8
253800,263009.4
187200,187158.8
184400,180526.4
65400,68615
274100,276671.9
138000,167133.1
214800,247240.5
152600,188488.5
67000,73522.4
120100,129032.2
100000,111487.7
79800,81585.7
166800,175858.4
119500,123547.5
150000,120377.4
236000,252512.8
163700,173244.4
202300,234375.7
156800,178631.1
151200,139141.8
218800,107924.2
121200,104992.7
230600,218037.1
475000,342911.6
253100,288979.6
53800,79353.6
169400,148449.2
81800,96831.7
137500,100522.3
339700,318135.7
155200,130328
98800,72975.9
350000,205209.5
123300,116975.6
108500,128454.6
500001,490256.4
164600,181619.4
57800,80856.7
202800,183163.1
224600,239426.6
52000,68281
106200,110436.8
409600,402275.5
229700,210288.5
176900,185084
163500,220374.2
161200,144579.1
220100,197493.4
161800,152575.6
249500,261833.8
236100,195051.4
275200,283480.7
298900,276902.4
280200,373905.9
234600,216447.5
233700,224816.8
500001,209466.4
159400,198577.3
500001,469896.6
127300,107076.3
61300,69577.5
214700,231246.2
154200,105448
56300,75849.8
316700,179956
170700,167139.3
328100,310606.3
173900,200992.8
55800,54134.5
54000,78437.3
410000,375921.1
85300,119890
266700,178968.9
245100,297742.7
161400,179409.3
156000,205852.3
181300,199082.1
129300,120530.7
378100,410302.5
241700,276480.1
45500,49239.1
216600,168878.9
315500,290730.8
69400,115994.5
205600,203280.3
183500,194828.1
147700,139221.6
163200,171241.3
239600,296580.3
55000,60282.4
145200,164645
175000,124071.5
241800,189556.7
396900,368262.3
49300,55001.8
248700,266524.5
234000,283559.3
266600,198242.5
125400,148510
114300,95470.8
435900,405436.9
350000,113557.4
64000,78525
342900,347072.7
144700,156481.1
130000,147423.3
129500,153214.4
74600,100553.4
150000,152191.9
130100,130653.9
61800,70685.2
225000,226255.2
200900,197795
161900,188582.5
123700,124244.8
242400,207064.9
227300,195202.2
325000,294769
198400,203514.5
58000,83031.3
180000,213641.4
304600,322465.2
84100,95065.1
294800,281338.8
187900,226301.7
218300,228072.1
171400,172993.8
123400,122959
225800,206327.7
230900,273095.7
277300,220073.3
157100,181967.9
169900,169085.1
158200,157246.4
208200,228376.1
253500,223134.8
205500,189166.5
144700,188233.7
169200,163356.9
67500,89830
170800,168512.3
170800,170930.9
53000,60046.3
140100,89513.8
110600,119388.6
305000,370850.6
124500,79535
163900,163840.4
134400,153905.8
94200,100763.1
410500,400152.5
205100,239606.6
132700,105009.7
87600,122456.3
500001,397857.4
87900,117253.7
123200,129767.3
142500,202435.2
500001,205028.5
51500,59900.2
54600,85447.1
397600,262910.5
165900,138563.7
119400,131300.1
338500,359193
113700,137694.3
321100,348822.2
64500,87709.2
113900,130015.7
158600,121370.1
55000,74019.4
285400,231209.9
495500,408905.7
295400,240544.7
240000,275837.8
307000,334184.6
100000,146943
108900,171216.6
195800,191784.4
119300,134000.1
82000,99837.7
228600,255845.3
199600,247593.8
436700,443282.3
246900,192654.7
130200,136698
325000,340343.9
159500,185554.1
128100,125070.7
450000,437813.8
190300,175172.8
375700,288486.7
67500,90133.7
313100,292606.3
213000,134149.1
108100,94706.7
140000,119408.1
341300,349752.6
82500,99955.8
222500,240639.5
213900,267363.8
184100,180040.1
137100,153484.7
56500,50381.7
144100,267621.7
89300,120222.9
485300,428045.1
338100,227625.2
127000,155051.5
154600,189586.7
312200,244452.3
240600,330485.8
312300,267151.9
191400,199775.7
182100,178077.5
112500,183069.9
113700,81130.8
148900,223215
187200,173081.1
63300,74666.8
123800,139117.2
118800,113767.5
183100,240730.3
192900,242101.3
271000,241850.8
65600,69852.9
141700,87313.6
215200,283352
190900,211763.8
500001,539759.8
500001,461476.1
253100,226612.2
59300,65922.3
91100,105344.4
270000,297754.6
500001,322534.8
158500,240369.3
105400,104314.8
97100,105046
65700,107612.5
62900,74123.2
116600,121044
96500,125236.5
185400,159961.1
188000,180236.5
71600,84877.9
168500,116302.6
115800,106363
229200,225153.6
142500,147576.2
239900,302255.1
107300,139087.9
161500,175991.6
119000,115332.7
125400,120605.2
144300,130539.8
72500,72727.9
122100,123003
244500,189118
263400,278737.2
205000,205392.8
218200,200842.4
436400,256188.2
236400,170324.7
143200,131766.5
112500,112795.3
357800,263717.9
344800,300383.5
238500,196101.1
500001,384755.3
343000,339794.7
82700,80883.6
213200,255344.9
500001,453379.5
96600,157093.3
216700,171156.2
188200,215249.9
500001,387267.4
193300,297338
176300,174095.3
161000,220840.7
90000,69701.7
100900,128746.4
159100,148944.5
485000,393528.6
213200,196757.9
167800,165422.9
151900,234203.8
53200,78187.5
256300,273499.2
138200,165690
142200,190932.8
500001,210840.2
212800,180990.9
333700,254540.4
173800,187055.7
171500,162110.5
131100,111200.7
76200,82782.6
173900,128898.6
204100,221118.3
152500,91707.9
94100,57437
205900,182706.9
74200,58728.7
71100,104046.8
233400,256352.2
96700,148844.1
300000,260415.3
87800,83141.8
174100,194341.5
122400,144849.7
162500,181037.2
139200,165247.5
154700,160820.3
364000,291045.2
175000,162726.9
156900,189169.2
118000,92722.5
391300,303568.5
92500,104424.1
159500,162499.1
268000,264823.5
159900,161588
263100,321498.8
320900,363912.5
166700,171308.2
274200,262632.1
177100,207435.8
120700,137458.9
500001,465950.8
200600,197658
346400,364600.6
500001,487805.6
336700,376951.1
246700,232809.4
104400,141960.6
253800,249134.9
179400,182297.6
147700,123367.9
89200,78232.4
100000,130345.2
500001,513825.6
110000,234289.2
82100,100801.6
59200,105405.7
125000,119033.6
178100,139992.7
375000,172329.7
371200,300636.9
212800,211490.9
112800,134438.5
116500,102597.7
233700,287706.6
263900,260256.4
168600,176426.3
168600,182885
134400,140990.7
275000,272611.4
261300,290577.4
238000,204197.3
70400,85852.5
136600,108295.3
500001,497418.5
242000,253463.6
245700,319306.3
196000,220819
186100,192019.3
174300,163178.4
252400,299129.8
486800,309473.8
376800,462678.2
69800,104376.8
500001,474790.3
123400,119697
59300,73201.9
121400,129532.1
191800,177207.6
500001,476681.6
178900,250187.5
155700,230888.8
202800,172785.1
113800,70847
105000,131632.1
132300,136950.8
233300,330273.1
262100,278500
393000,373445.6
79700,97197.6
320800,244552.3
410400,461572.8
217300,278291.9
346900,297314.3
260300,276156.8
189900,220981.2
467600,455477.7
66000,72903
138100,143326
208300,180043.6
353100,281123.3
150000,168988.8
500001,477526.1
77100,77504.9
128100,127933
58700,70987.5
101500,98850.6
268800,272057.6
163900,172633.1
500001,298613.9
168900,191422.8
126500,154827
228500,243725.3
325800,337223.3
261500,233598.5
68100,62140.1
346100,328123.1
87600,99546.2
361400,350947.1
204200,216653.4
211500,207238.4
500001,505743.5
480800,412513
158800,136807.6
202500,159214.1
225000,192172.9
153000,113678.9
157700,147558.9
206900,219146.7
71300,113370.1
160100,170348.6
162500,171494
193500,203210.3
58000,74029.5
500001,488976.4
65500,68895.8
379600,445958.8
500001,450782.8
57500,117128.2
500001,506483.2
223800,211127.8
198400,197277.2
140400,154342.4
355900,421726.7
192100,204103.9
213400,248179.9
133300,131915.2
126400,137761
435100,372877.6
345700,411457.2
498700,459035.4
191600,153911.5
157700,172142.1
133900,128300.5
171200,154304
187500,217832.6
108600,115887.2
187500,202594.5
50000,76214.2
435700,359857.9
167600,207500.5
176200,172579.6
119000,128781
63000,100129.2
94500,103680.7
369200,395086.8
235600,246221.3
265000,210952.2
106300,166168.9
162500,277733.8
352300,310406
145800,143707.5
397700,439969.8
229300,287501
500001,412904.7
258400,253354.1
80400,99432.8
140800,91852.8
151900,163669.3
500001,507139.6
175900,185994.7
166300,170971.6
160200,195658.1
500001,528056.6
50000,100145.2
159800,164517.3
283300,219152.9
116200,114651.4
500001,509166.1
191500,165976.3
174000,187076.6
500001,483241.8
156300,206302
84600,107137.8
80700,109207.9
54400,61467.3
153300,140678.4
162500,182594.1
212600,243582.9
200000,185532.1
310000,387295.4
320500,282166.6
66100,96337.4
283300,233503.1
189400,213124
70300,94158.8
142500,180024.1
380000,354727.8
341800,377510.1
141900,155333.9
84700,83777
153100,111191.2
225000,379836.6
81300,104911.5
79800,73168.4
67800,83416.2
198200,157852.2
182100,189733
54300,61764.4
145600,159328.4
173600,183878.6
80600,210359.5
225000,194372.5
205300,237227.7
124100,143014.6
309700,330402.2
57500,85554.6
225000,230581.5
161300,177785.6
282600,281043.9
51800,76743.7
170800,175606
234600,348450.8
225000,125457.2
293200,187255.2
137500,256384.3
384400,357259.1
68000,101177.5
179800,155730.2
81600,106302.7
150300,197240.7
184600,198903.6
171300,213581.1
86400,96752.7
126500,92461.4
81500,101013.5
253500,262294.5
192200,189834.3
161400,185871.2
221100,162332.8
101100,96492.8
296200,291116.8
79200,57695.8
353000,324625.6
126500,144530.6
257700,234973.1
215600,299505.9
107200,116916
187300,200874.3
191700,191916.6
500001,462713.7
192000,162659.9
212500,219974.1
121700,105546.2
185100,162401.1
126700,138535.3
170500,134742.7
62100,80441.8
500001,273656.4
179900,192575.6
163700,161487
139200,224630.7
109200,116197.6
136400,134933.9
277800,196032.7
92500,97473.6
287800,289225.8
142200,163051.2
218800,214268.8
121500,103839.6
500001,419819.4
173900,209700
120700,144884.3
232500,230716
500001,507548.6
76900,94787.6
141300,182530.6
65200,74523.3
118100,117938
241900,276479.1
444200,397232.4
213800,214205.3
223300,209927.4
80400,106366.1
131000,150495.8
293000,240780
150000,144563.9
234600,199099.4
170100,174117.5
309100,262940.1
186800,162110.6
90800,85255.1
204500,114504
88900,88183.5
65900,64639
96700,85586.8
166900,173786.5
375000,182593.6
154200,208912.9
376800,252479.3
178300,186955.2
164100,170231.1
100200,116036.8
303900,297604.4
370100,327917.7
363800,411724.1
83300,94020.5
309700,268101.1
82100,87325.9
201800,113686
223600,247867.9
127600,160030.1
194600,137367.4
134700,168950.4
97200,152455.1
265500,247851.5
311700,291794.1
120800,112424.4
136900,181520
190000,171186.4
275000,194949.5
145800,142015.5
73700,78988
216700,204237.9
178500,186230.3
125000,80165.9
110700,96740.4
181000,242250.8
248000,238964.1
197900,222686.8
85200,76005.6
275000,125460.6
244700,240637.7
187600,231037.1
230800,191269.6
73900,85027.3
217200,193754
345800,354137.3
183000,243052.4
169300,179681.5
204800,288828.2
500001,517564.9
55200,54524.5
254000,217597.8
314800,381946.7
169200,191751.3
250400,251454.4
87900,85721.2
123800,179583.2
173100,174323.5
179200,227358.9
171000,193705.5
104200,111089.6
232400,233913.5
71300,133099
120000,148354.6
438500,381483.7
306800,286393.8
181700,201824.3
141400,127521.5
257000,279020.2
132700,130324.9
86000,95935.6
201300,195822.5
312500,309784.4
279300,230394.4
132000,155242.3
155500,141923
152300,150227.1
250000,265859.5
55000,259250.2
461200,391907.3
149300,169732
52600,55062
219900,222256
173300,195597.4
123700,122803.4
232400,245912
63300,68408.7
186200,220979.9
80000,67661.4
91300,104135.6
153900,129154.9
117800,103391
417600,343324.8
139600,130806.8
163400,164535.8
100000,81982.9
285800,269720.4
362500,277297.6
281700,289543.7
58800,52376
90000,140213.5
105600,137101.1
50700,79825.1
226900,180966.8
67500,63273.3
216700,230349.8
138800,142356.2
244200,346849.2
70200,65131.5
196200,193170.6
194500,188455.2
265100,285726.1
147800,163641.6
94400,106031.5
146100,116780.8
205600,206925.1
100000,109854.2
126700,158877.8
417800,422711.2
137500,139366.2
155000,186744.5
320900,270164.1
134400,125721.5
405500,348536.8
128000,182689.8
279400,324521.3
97900,116525.1
361200,342124.4
500001,458780.2
126600,165716.2
146300,134873.1
331200,380398.3
207300,218489
500001,378869.7
40000,64004.6
153200,152915.6
287500,474669
500001,471908.7
229100,197830.8
148200,120312.9
232100,197395.5
401000,353084.2
125000,190494.9
99100,120936.6
275000,316124.3
254700,226423.4
151400,193718.5
55500,56065.4
225000,256098.4
212300,142884.7
137500,301720.9
117000,170279.2
308300,403744
157800,154793.8
500001,474289.6
242600,225483.5
218300,249838.8
118600,111586.3
340700,267582.9
375000,396317
55800,58530.2
210900,220730.8
500001,510405.5
500001,463758.5
126200,152701.5
92400,86359.5
67900,90432.7
215000,190550.2
143400,106760.6
244100,168100.8
228700,269816.5
204200,223742.5
172800,138440.6
500001,380423.2
161700,253442.7
281300,201951.4
457800,369157.6
157400,137699.1
71800,88989.9
320700,220080
98800,129884.8
243200,240295
161800,146020.3
86300,136934.6
244400,178776.1
196900,175276.1
260000,198520.6
89700,95625.3
90600,162041.8
309400,341486.2
198700,241093.3
91500,90376.8
267100,233945
391000,354259.1
268800,204210.8
86300,102752.1
426500,325396.1
249200,225333.4
130000,115552.4
136300,130680.5
135600,174380.9
173400,214815.2
140700,156973.1
112500,400294.1
264200,355993.5
500001,446790.7
105200,145152.3
440900,380380.7
489000,396562.6
238500,294571.8
173500,219927.3
258300,188664.7
135500,113372.9
500001,493746.7
179300,242529.6
140400,356840.2
111400,99314.1
108900,134609.6
228900,229477.1
130100,103756.4
123100,141108.3
183200,183927.2
443600,377460.4
339000,362071.8
208600,223168
97000,109060
380400,407189.3
183700,193894.7
231300,146848.6
189400,171907.7
500001,485024.4
181800,157235.2
221500,228125.3
104200,93349.8
257400,240633
181300,124229
355200,294111.5
108300,111990.5
94300,85869.6
295600,290574.7
161000,147233.4
146600,198909.4
375300,384619.2
179200,226061.3
193800,87986.4
350000,168771.1
244400,289936.9
188300,233309.2
237500,236921.5
155600,158939.4
48100,56428.5
93800,103881.6
134000,130836
70000,66182.9
230000,206540
209200,166888.4
391900,316704.4
327300,272651.4
159600,185587.4
286900,361303.1
147500,110517.5
438800,311174.1
355100,376970.6
159200,215329.7
189900,186452.7
60400,69881.6
382400,423373.8
270600,245037
87500,200074
183600,177226.9
144900,161015.7
81300,238575
66900,69539.8
158200,140495.5
500001,506783.2
203600,177882.7
239900,183088.3
346200,270919.6
148600,196291.9
208300,148592
117200,129000.9
93800,150722.3
162500,174075.4
350500,357261.2
67500,323345.1
78300,76654.7
315000,253436.8
79000,99192.1
218800,164296.5
205400,310772.9
337300,325732.8
159700,135698.1
500001,390817.5
92000,110282.1
274700,250386
177900,110767.2
139200,133843
297600,251432.3
196100,238626.7
137500,149552.6
69700,76137.2
172100,200547
92200,105920.2
72200,99954.1
176700,169596
118800,131516.6
72800,98483.5
97400,72258.7
142300,140371.6
295300,262617.2
253000,273814.4
225000,151788.7
183700,207894.8
158000,141233
168300,173022.7
81300,70447.1
62400,58225.5
77000,99143
275000,70207.2
168100,160737.3
158500,182355.5
64600,68020.3
133900,190955.4
165400,173430.9
134600,243539.8
114000,149305.4
413000,406241.3
269600,266700.2
199100,250486.6
94900,101719.8
116900,142222.7
147200,175172.6
280800,268652
309800,270101.6
220300,193521.7
97500,123907.9
81900,89131.7
433300,440515.3
138700,148219.3
217000,239607.3
409700,272735.5
178800,181167.6
160600,205180.2
160700,207031.9
265100,273325.3
36700,83665.3
251600,214500.7
174100,192406
183600,192753
500001,437864.3
365900,424750.6
157700,202877.7
142800,112186.5
314300,300989.8
92200,100479.6
285500,179410.6
366300,318778.8
137500,138414.4
417000,378475
62800,85123.5
151500,176179.2
110700,103512.6
202700,212850.7
90500,111608.5
214300,228827.1
84500,78874.7
181400,206007.8
98800,97876.4
363900,402999.8
357900,328040.8
182000,178009
375000,265276.1
77400,101261.6
235800,208608.9
215400,214060.4
253300,240235.6
115800,148291.3
302000,314361.9
180700,192098.6
45500,76555.4
259800,327622.8
353400,307385
289300,195627.4
500001,520729
85000,100908.2
202700,220003.8
500001,403508.2
194400,189684.3
300000,464700
49100,42250
121100,118375.2
253800,331422.2
91500,105521.6
50800,53849.8
250000,290344.5
140900,153174.5
208600,192843
135900,117275.2
189800,230949.7
101800,209377.6
150000,154069.6
102600,121635.1
222600,173112.2
225000,226725.7
143500,148794.3
63300,91937.1
96100,97899
218300,288121.9
229600,212896.6
214800,195272.1
125500,162653.2
500001,418999.2
93400,144755.5
196900,188011.2
283200,261384
130100,145196.2
310500,281347.9
225600,164720.8
225000,186638.9
158200,225097.8
97300,113613.5
186500,153870.5
299200,230135.7
121400,163457.7
409700,326891.4
187500,219526.1
217300,259594
337500,361733.8
268800,315926.3
196700,267876.5
140400,154457.5
101000,129131.4
156400,157596.6
315200,374656.8
163500,134202.7
320900,265852.1
191900,182288.1
341300,289005
232500,319483.6
121700,128160
169300,186719.7
329600,357163.3
108900,103883.2
500001,447900.9
146400,105119.7
395200,382702
137500,161940.4
128300,117122.1
296400,252829.4
342900,363022.8
279100,223641.5
266900,189786.4
337500,415832.5
286500,241760.3
140600,218893.1
188800,184519.8
97300,137324
113600,147754
139100,120137.4
255600,290501.8
163500,126775.6
405900,371672.1
266400,318390.9
87700,103904.7
116700,164080.9
232900,217893.8
451300,376451.4
129900,147242.2
277300,260638.3
135700,183563.2
500001,472809.6
212300,238954
137500,43730.7
306300,340241.6
128100,170180.2
151900,113211.4
430900,205756.8
105700,98005.5
237300,232264.3
450800,264667
433000,367319.5
332500,260482
113500,98683.7
229800,190402.9
298800,380379.6
48800,66644.2
211400,227589.4
290600,266375.8
109300,119960
299300,316402.9
204900,135821
83100,88808.5
151800,123452.3
100000,126999.7
362600,303262.4
98300,100811.5
219400,203821.8
417800,445736.4
405200,324242.9
97200,116190.8
325000,184282.4
160400,192467.2
500001,423553.6
230700,248543.1
167000,153317
116300,126077.2
203300,212913.5
165800,168551.6
69200,72088.2
359900,335862.3
500001,404435.7
109700,100074.5
164100,163380.5
467600,441292.3
241500,241774.9
264900,146663
85800,202246.7
69400,85603.4
500001,492450.2
59400,75502.6
216900,221405.7
277600,307551.8
99100,76398.3
219900,210377.2
143700,145923.7
47500,101508.8
174000,168536.8
175400,195374.2
351100,310437
268200,208907.2
500001,468143.6
127900,194326.2
195500,183142.1
220000,180383.2
170400,176688
296200,244208.4
314900,239860.7
334400,303670.9
152800,181305.7
238000,261498.2
240800,283188.8
52500,69546.4
159100,175727.8
357400,289068.2
323800,224508.8
416900,390339.5
280000,240654.5
143100,166308.2
162500,70840.5
58300,59591.5
288100,266702.7
407000,434776.6
124900,142557.5
261900,261102.9
216700,199613.4
201200,142254.5
157600,134313.5
203700,269426.7
176000,203018.4
165000,149400.6
257900,289324.3
422700,446565.2
141100,140221.2
109700,136840.9
163200,210425.8
164200,159622.8
141800,117711.5
111400,106894.3
411300,299369.8
67900,77397.2
236200,169948.7
177700,152370.2
187500,182479.7
187500,190286.3
147500,123543.1
287800,337567.5
58200,88277.3
287200,381447.2
186400,206246.2
192700,216568.5
289500,308710.8
227900,252323.2
83700,89016.6
281300,270540
286500,209797.4
274600,273663.9
163900,159263.2
145200,157107.4
102000,119606.9
137300,263096.8
77400,79899.2
288000,307866.8
131500,225430.9
68400,89148.8
169600,189785.8
104000,70472.1
347400,306111.3
229200,207517.3
121500,137368.8
198800,174281
87500,155719.1
116000,107201.4
55900,63008.8
238000,266539.4
187300,172068.3
500001,231589.7
500001,447857.8
304800,378409.7
111100,110187.2
239500,307789.8
108200,112444.8
158100,160949.6
186400,253186.5
94900,95542.4
62900,66250.6
500001,498736.6
400000,312437.3
112500,172594.8
226100,251594.7
72300,83910.7
500001,469409.8
129700,135869.4
104000,88288.8
348200,349701.6
187500,169063.9
274600,267517.5
176700,182891.3
87800,112668.6
44700,67509.4
77700,95698.4
248900,292526.6
104100,127766.5
99600,117084
268000,168877.8
268500,270685.7
500001,497527.2
141300,209103.6
295100,350044.3
212500,103915.6
140600,181968.3
159200,176861.4
99200,79167
50000,62884.1
396400,371323.2
354300,440751.4
500001,309970.8
118500,110426.2
146000,123048.9
148800,149713
382100,336610.3
250000,156662.5
347700,205948.4
144600,147352.6
181300,206746.3
500001,433935.6
89600,108956.1
160600,187858.5
79300,61369
151700,144501.2
489600,223086.9
258300,93215.7
500001,484569.3
311200,327283.6
73500,78007.8
82500,104434
155600,218893.7
94600,100026.8
70500,69557.5
104400,111896
354000,379982.2
77000,86621.3
157700,152801.5
174000,155051.1
123200,77480.2
301600,189956.5
207500,236645.8
281200,265338.3
93700,107636.8
162500,73538.1
119000,120698.3
294500,313886.8
103700,101884.3
120800,112985.1
46900,120829.9
500001,513298.4
163800,235516.9
362500,436003.9
135700,118655.9
143800,127439.1
134700,120452.8
236200,281567.7
163200,157895.1
243800,325568.8
335200,416234.8
500001,527094.1
247300,226269.9
75900,96079.1
111800,157260.3
51900,69406
463500,342854.2
352800,348733.5
127200,131011.5
225000,416653
239400,211993.8
58000,62222.8
142200,139326.5
500001,512626.1
60000,72900.1
248100,126288.8
153800,166530.3
159800,167684.4
150400,148868.8
403000,417114.3
289500,301754.1
174000,174099.9
233000,163844.3
347700,375808.2
196900,225638.3
485300,324299.9
131000,162536.6
130600,134970.3
139400,100818.6
158800,135330.6
500001,469070.1
186900,172081.5
308900,236238.4
65000,87426.9
142900,125558.9
48100,38671
147100,167722.3
358500,288127.2
174200,199853.6
206100,153755.1
444100,387075.6
327300,340209.6
248700,216319.1
65600,92452.9
306300,259582.8
500001,496269.2
86400,86960.6
240000,234262.2
158500,178385
83300,149853.2
261600,217448.9
337800,305621.4
113800,99139.4
500001,506947.7
121000,140005.5
243600,234044.9
218200,248438
69100,106831.9
143100,113937.9
120800,104061.2
214600,192263.1
138800,136995.8
190500,195341.9
249100,191404.4
42100,58620.2
90000,163428.1
134700,198611
500001,465514.8
257500,252175.5
110700,117440.5
126400,91423.6
47100,51598.3
126800,146169.4
425000,423758.7
64600,64448.2
278300,297235.8
225000,146388.7
156900,108956
137500,201718.6
95500,107540.5
75100,85521.9
339300,264910.9
165900,199269.2
81000,58379.7
93800,113404.6
100000,104441.3
336100,390100.9
135400,175730.8
292000,328582.5
125700,128996.9
500001,485908
254100,258451.6
130600,158010.9
148100,197264.8
72200,106307.8
158600,194701.4
225000,255062.7
350000,245468.9
500001,411973.1
44000,71060.5
45000,70511.9
123800,117700.8
389700,404637.4
165600,276290.9
62500,143326.6
299400,302581.9
483800,454875.2
97700,115518.1
97800,86858.8
178500,171024.6
157100,194389.2
136700,171335.4
150000,112009.2
361300,389782.2
112500,99619.3
212400,253098.5
75800,77507.4
75000,113591.3
214900,246895.7
290100,270717.2
237500,236914.6
118500,164810.7
146900,148164.7
193000,173095.3
206400,192593.8
338900,241799.4
168300,170352.8
282900,302543.2
75500,92315.2
198000,174738.3
132600,154346.2
425000,352525.2
331800,406556.1
284000,284782
174500,185875.3
375000,296831.6
254000,193468.5
162800,141774.9
114300,151735.1
209900,209595.8
115000,166509.9
219900,239411.8
111800,115739
140800,124385.4
156700,165102.1
95900,117797.3
242300,265184.6
136800,123676.6
239500,216178.3
174800,170951.4
250000,225569.8
140200,180025.2
418400,392007.6
500001,429994.6
116300,104405.6
169800,245256.3
86900,83228.2
281800,261470.1
183300,242367.5
141600,185328.8
87000,95604
212100,199945.5
61400,57370.7
500001,507901.1
47100,90050.6
256000,301586
331300,219164.8
122500,114426.2
302900,279182.8
160100,170530.3
245300,207147.8
231900,266923.4
67500,98399.9
126600,116126.7
206900,217816.7
143200,181457.9
67500,46088.9
314100,363053.5
154300,175280
58600,72372.4
349000,373823.5
114200,114867.7
142700,164290.3
97400,124118
500001,332342
301100,217128.8
172500,157775
148200,128902
91800,98619.8
94500,100940.9
156500,109839.2
208300,211151.3
138100,148339
159000,172263.7
236800,218897
116100,136509.2
219300,210118.2
97900,126802.4
450000,155950.1
345400,343965.1
302600,211528
231000,214431.1
162500,83910.8
102700,159102.7
61200,70494.2
500001,457606.5
289600,339546.8
319800,333128.8
203200,224506.1
127300,108661.8
51000,60777.8
156500,114364
106400,132831.3
126700,89432.5
59800,53146.4
92800,94646.2
273400,268323.8
324400,177733.5
209500,299387.2
115100,82308.4
57500,60922.9
320000,268727.5
137500,178199.6
137500,102600.8
381000,403046.8
98700,82550.3
242400,295393.4
223800,244958.7
95800,51040.7
270600,300369.4
150200,169067.9
168600,175960.6
133200,176990.9
155800,158286.4
298200,281290.2
163300,171759.6
126400,83446.5
425000,255601.7
198300,195920.4
163900,157177.6
78800,122852.4
183900,174887.6
191800,203658.6
171900,149029.5
158900,140279.7
244400,260642.4
229100,274913.9
94100,74258.5
160000,183897.7
272900,255689.7
311500,332386.6
316000,348289.4
14999,64958.2
185300,219725.9
180600,159592.6
255700,304690.9
216800,228658
222000,218526.8
400000,288585.7
214000,213252.9
214300,127553.3
442700,295291.3
63100,85662.3
92300,82260.2
127300,113604.9
94600,131085.7
157800,155753.5
230900,253719.8
257600,248990
187500,326763.2
275000,323664.1
221000,229318
174100,220551.4
139300,127339.3
500000,335106.5
51700,95525.8
172600,199072.9
169400,153248.5
71800,91202.1
164100,158544.7
82700,101736.4
389500,341372.2
75800,86253.8
168800,211781.9
104800,89320.8
99200,120662.3
328900,294206.3
187500,177592.3
186700,208714.9
103100,92583.1
214500,218537.9
150400,157951.2
158300,148403.7
119300,136887.3
331400,324506.8
166100,146832.2
237000,205443.2
224100,297776.2
130400,135003.4
339800,331136.9
157500,202138.6
277500,270287.2
261000,285174.6
174500,269462.9
103100,108389.6
217600,225960.4
189600,178067.7
247900,266826.7
160100,188099.9
82800,90775.2
132200,143897.5
90300,103649.3
220600,184837.1
335000,249221.2
125500,173068.6
282100,259348.2
170600,147396
109400,153327.4
233000,188701
500001,442321
361500,399290.8
236100,320439.3
248200,270728.6
500001,428357.8
94600,113789.2
341700,401612
162500,162898.5
164400,157081.4
194300,237162.1
68100,71530
68900,88505.4
79200,87476.2
211300,271318.9
362700,413893.5
157500,139443.8
161300,148776
87000,129633.8
194100,170779.6
170800,194417.9
65000,86065.3
90000,122166.4
226800,238968.5
213100,234787.4
100300,79468
257300,235723.7
142400,171186.9
386400,275629.7
217100,239838.8
157600,146398
319000,223835.2
118200,113857.9
296200,310525.5
92400,108056.4
162500,100264.6
134100,148004.9
100000,127400.2
120700,136895
500001,523853.2
148800,140257
120100,127790.3
495600,531514.3
126400,124115.6
200600,187989.2
138200,109206.2
335300,369358.3
188000,199973.3
433300,392718
357200,387730.6
217100,203176
315500,374884.2
112500,104553
244900,263484.3
166500,205520
209500,194146.3
146800,158047.5
112500,151957
114800,106954.6
81300,92871
185300,219467
276100,315460.8
354700,404390.1
43100,49242.3
335000,291431.2
90500,102002.4
112000,129652.4
376600,363916.6
220600,238070.3
81100,85700.3
236800,255516.6
198200,240050.7
125000,110459.6
91100,105735.1
301700,390651.4
65900,81376.7
300000,173189.4
201000,216547.3
144200,154773.9
250000,232850.5
224900,237152.4
143900,141336.3
272200,264929.1
101200,117517.9
150500,118265.9
61700,69976.5
381900,315598.3
216500,239830.9
204500,240059.6
166100,101519.9
368500,359008.6
100000,77508.9
259400,263927.9
201700,193196.2
178000,202446.9
307100,322445.9
452300,354211.6
145900,142942.4
225000,197025.8
148200,186700.3
413900,334133.5
80400,94219
169400,186071.9
476300,367258.4
116000,95455.1
168800,209086.4
394300,375644.9
153600,115585.4
438400,351636.3
249100,211158.6
188000,208345.2
79400,129847.5
500001,381206.7
194200,184169.7
51300,53827.6
137500,127560.9
81000,85089.8
118500,123988.1
128700,151317.3
86800,92952.6
500001,358358.9
130300,93450.9
335600,259171.9
271700,317820.8
92600,116704.1
115800,126168
332800,342394.9
184700,198771.8
101600,75950.1
500000,316584.8
69600,74971.7
58800,86131.4
258000,240492
500001,496891.8
87100,99792.6
61900,61175.6
183700,174681.3
185000,185645.1
241600,278391.9
147200,134938.5
375000,388745.2
91600,76721.7
288100,307170.1
58900,53514
125700,154143.1
357300,326733.9
397000,409624
93600,108457
260600,313241.8
208400,235012
393200,435823.4
95400,93692.4
352400,352305.6
149000,146200.8
112500,95229.9
87500,89590.5
150000,160817.8
244900,319882.8
397500,425269.5
86600,119515.1
178700,164425.9
160200,144904.6
400000,298616.2
67300,106581
293800,362175.5
142500,178401.8
87700,101913.2
303300,228246.8
457300,309254.1
134400,118581
303100,306967.1
178100,195382.4
147800,213872.7
97500,110941.5
113400,223349.5
147000,127821.1
116700,113544.8
500001,332873.7
211300,182708.2
228500,257097.5
280200,299248.6
228000,281860.5
265500,204063
500001,357338.9
58000,68442.5
92000,177357
103300,112948.4
225000,233304.5
192800,244749.7
99300,117802.5
119400,110177.8
158300,109129.8
218400,183410.7
314100,297193.3
120800,136957.6
320500,307129.2
96000,108769.1
241500,215957.3
189600,163675.2
276800,239397.9
134000,95558.8
130900,113771.1
284800,214986.1
162500,141094.4
150500,164393.4
55000,81945.7
213100,198476.8
235000,232302.4
263200,195880.4
300500,240074
125000,135074.8
43800,75912.7
500001,500078.6
420000,411364.4
156300,153068.9
69900,52096.2
417600,251071.3
187700,202301.2
287500,274766.4
96400,136569.8
331000,340226.8
78200,85398.3
133300,167663.7
346700,275808
142900,110667.7
131100,118987.6
114000,150250.7
141100,164442.2
117200,139132.5
409700,358029.8
196500,216706.4
212700,176575.1
179600,169542.8
165300,179200.6
232300,214053
166500,155118.5
331000,314137.9
88300,92986.8
271100,345895.1
56000,68115.1
210700,240388.3
122700,133443.2
196700,218140.6
175000,167394.9
227300,240953.6
95000,108791.7
87300,82130.8
110900,155763.5
225000,227716
202000,198186.5
339400,232551.9
288100,319517.6
97700,125478.7
187500,145906.2
61200,56553.5
142200,134228.5
137500,146716.8
78400,78534.6
273100,302956.3
253000,292457.3
256300,325574.8
151500,137749.7
177800,253066
150000,196653.4
153300,168194.7
151400,163812.5
138500,182880.8
221300,207753.5
237200,209835.9
262500,212639.8
231000,244005.8
194400,164668.8
84300,116353.1
182600,226028.4
146400,176851.8
142500,55750.4
194500,152430.6
165000,187122.3
61000,52566.8
118500,128452.8
243200,256453
129700,143067.2
135300,180624.8
154200,163193.9
216100,172108.8
144000,145569
103300,146881.3
227900,249920.6
184000,207873.3
93800,119588.2
405400,210913
127900,178299.2
335100,406811.8
48600,51005.3
127100,123111.4
213900,236075.5
67200,63826.3
210900,189655.9
500001,469406
312500,347544
349600,322342.4
233100,217820.7
261800,217514.5
139000,213003.7
377200,242793.5
76400,65706
329600,304767.3
220000,234686
225900,172717.9
220500,195575.6
55100,74181.1
204000,235288.8
150000,148720.7
162500,100872.4
216700,224202.6
124700,119870
191700,110817.1
71500,75851.3
217100,213301.4
201400,209360.2
229400,219999.9
160200,177969.8
146800,150181.6
143300,169639.7
215600,237817.5
172300,181964.1
170700,181453.3
192000,178295.4
144800,124369
69700,86992.1
402900,395396.7
133500,190555.6
183100,129200.8
213100,230119.8
283200,386111.8
121600,121428.5
73800,90336.4
73400,79551.7
500001,494073.9
178300,170198.4
175000,146407.9
243800,192517.7
196000,202868.2
100100,98720.2
320600,312534.3
83400,127028.5
183400,198686
190100,237708.8
153200,141784
312000,341434.8
139000,129648.2
178300,178053.8
53400,64152.4
365600,277000.8
276500,340189.4
145900,143414.6
160200,154995.1
190700,197672.7
195000,206752.5
55000,75884.5
108100,125868.8
271400,278967.2
112500,144243.9
123100,128018.9
76000,71387
56500,53561.1
85200,80582.3
135200,175013.4
225000,203017.3
500001,474919.8
117500,337377
500001,435070.4
278300,311063
316700,217833.3
107600,100396.7
126100,134333.6
72700,76190.6
171400,143695.3
301100,265323.2
113900,121935.7
226300,310322.1
100000,100439.7
162500,129035.1
212600,259419.4
37500,155561.1
226000,221429.2
99600,111458.6
143400,136776.7
111200,88046.7
159500,123758.8
67800,55961
259600,255067.8
226500,210911.3
117900,141430.9
452800,328674.4
362400,309984.4
500001,457614.6
87100,94911
219000,306608.6
111400,132330.4
400000,362955
175900,192319.3
140300,183085.2
162500,174901.5
135600,150872.7
180400,174113.6
291400,258645.2
285200,290279.8
97600,129630.7
103100,125281.1
500001,471707
92000,98583.7
284100,307704.7
331600,289510.5
150000,187752.7
271900,281280.8
87500,121305.9
92700,96425.3
336100,353531.9
110300,126391.4
84700,84296.5
403700,284361.8
212800,183986.9
275000,274682.9
357300,396016
364200,267487.8
225000,367347.4
149300,126106.1
383100,376953.8
333100,335677.1
139100,145198.4
78000,94413.8
249100,155975
107800,92379.1
500001,416143.7
59100,53903.9
215000,227779.1
225000,243864.9
153300,128026.4
358800,349091.3
259800,240436
82200,88914.7
112200,111879.4
475000,225655.6
197300,199976
419200,493214
236700,282192.7
240300,244405.1
112900,119543.7
68300,89464.8
91400,121687.7
170100,187725.8
305200,314079.3
134700,110413
180700,194148.2
76300,106352.4
314000,372321.3
152400,148219.2
500001,525561.7
95800,143599
144000,153488.9
405800,353766
500001,530638.7
300000,253752.6
112100,121885.3
225000,213868.5
345800,378281.3
97100,93644.5
204200,205302.2
140600,123908.5
217800,297203.5
162900,157482
162200,143570.9
61900,83976.1
57000,76559.2
480100,414527.9
161200,187211.2
500001,503577
56700,67684.6
268200,295109.2
331000,341949.2
360000,252117.5
101000,120476.7
58100,75616.3
186200,245108.1
349100,345311.1
264300,258667.1
230800,195070.5
178100,250811.5
254200,305090.2
500001,543612.1
195700,201270
382400,342005.4
122200,124072.6
346800,421676.6
112500,188584.7
54400,46477.8
129300,139017.2
84200,108488.1
174300,178592
191900,203979.3
350000,260826.3
500001,471803.2
185700,150214.2
201000,193321.4
84700,70312.3
159400,155738
387000,255525
108000,107729.5
371700,264137.2
315600,271537
243400,298397.7
238700,330942.9
500000,427595.5
151900,151115.6
235600,274719.6
84200,142233.7
271500,303450.8
289400,338941.8
137900,93381.2
435200,325530.5
277600,328588
350000,162229.3
107800,90239.6
53000,54652.2
158700,143803
151700,142590.7
92700,92737.1
500001,460922.8
126600,115884
245600,259490
198500,216741
85900,85080.9
187200,219894.8
360900,354134.6
161200,184458.1
49800,52408.6
366300,338965.4
89500,92510.6
237500,257169.3
405400,312112.6
203400,210207
243600,213785.4
241400,226794.8
275000,285316.8
22500,174711.1
500001,402880.9
143300,164611.3
353200,231962.1
261800,350261.2
293900,380962.8
224000,204333.4
201500,216833.7
262500,189876.2
187500,243968.4
243400,218850.3
270500,289826.7
308800,411850
284100,270671.3
500001,511433.8
434400,390599.2
95600,112907.1
241500,215362
500001,509262.4
500001,356403.9
322900,365549.6
259900,236203.5
137500,151054
404500,343517.9
111200,124261
113500,99327.3
500001,529169.2
393800,389430.7
200000,201494.2
170900,193987.1
282300,212385.2
101600,131131
168900,178984.2
112500,110398.1
217700,192422.5
131500,149762.1
148500,122327.1
340500,321658.3
213200,178309.3
346200,346521.8
157300,167700.6
133300,168212.5
204000,293567
299600,304440.8
263600,295736.3
84200,120454.9
87500,104542.3
145800,179707.7
347800,421888.9
146400,166946.7
97500,131044.2
247800,164420.4
192100,188691.9
179100,147610
119800,92635.6
161900,187145.5
500001,383805
53300,56969.1
98600,113874.1
129700,98535.9
153100,185181.1
225000,77966.1
359100,313090.4
416700,449605.8
130600,153945.6
58800,85111.6
500001,366896.7
105100,107554.1
227000,299094.1
81900,104850
275000,328753.5
129700,105010.3
427300,388689.4
193800,274506.4
89500,109003.3
500001,257763.2
440500,294720
112500,105087.3
94400,101032.1
180700,239484
187500,91406.5
42700,60505.3
283400,261571.8
192300,231891.6
144100,142171
138900,107548.6
334600,311219.9
344200,382508.4
83400,102983
169000,130246.3
197600,203503.7
136100,136051.1
353900,414506.7
124600,142196.4
192300,208347.4
165800,155672.3
73800,153631.7
285400,283574.6
117700,121898.9
267600,273529.2
112900,118802.9
306000,308576.8
372000,305884.3
335600,318940.8
85100,77518.2
184900,164984.2
58000,71746.2
273700,384134.1
148100,174202.2
500001,494557.8
148400,217150.8
137000,103388.8
218200,221274.7
178700,160660.6
265000,219481
113300,104693.2
483700,442507.1
122700,117796.5
388100,430041.9
141200,154767.7
266700,304008.8
133000,117358
387200,213978.6
261400,303141.6
138500,142704.9
99300,86343.3
189400,150322.4
302700,242090
212200,265816.1
136500,141902
63500,60003.3
212500,200035.5
51300,50842.7
164000,204883.3
193200,190272.4
124400,122971.2
207100,183927.5
169300,121706.4
452600,420471.2
45600,53182.1
350000,317736.4
500001,379095.7
136900,152438.4
114700,104392.9
177300,184485.7
362300,309651
193500,217180.2
89900,113725.4
217100,222893.8
159900,200030.2
173300,204201.5
179700,151238.2
88600,104809.6
205000,254329.1
54200,64518.3
167200,183357.4
500001,507479.4
154200,246230
168800,191687.3
78800,111373.1
147500,180217.5
107000,112168.9
264000,177011.1
165100,175983.5
187800,185097.9
285600,333876
358700,326170.6
320200,374052
126500,112386.1
173300,190058.3
500001,445366.1
207800,220115.2
258900,274134.7
363200,318466.2
290600,302903.2
342200,297694.7
352700,294830.1
163500,165716.4
276000,181563.6
94200,110823.4
166300,252774.1
153800,197397
77700,81633.7
95300,107782.2
171900,144052.3
238000,255511.6
164900,182642.5
230600,248653.7
374000,417068.8
199700,176813.8
100000,79746.4
270800,318307.5
121100,135224.1
500001,481164.8
255100,250972.1
231300,180039.6
417000,458117.8
174600,177838.5
206900,185769.6
52100,49208.5
150600,154201.1
365600,319400.6
106600,105708.3
238000,235234.8
107000,120387.7
244100,300671.2
88900,91604.6
349600,329097.9
276300,232739.7
171300,185814.3
351600,322297.2
56000,85819.3
232800,198777.6
247600,223287
163400,170756.8
161400,145677.4
360600,377743
190000,236971.9
130300,118724.1
117100,162497.3
63800,81946.8
210900,234809.7
277700,388628.9
145800,116345.4
194100,201289.7
500001,478141.1
213200,130083.5
288200,215162.4
500001,446632.3
178100,204246
175700,214669.2
500001,532626.1
112500,126655.5
262100,270254.4
317900,275130
238800,325331.1
125800,152215.5
500001,477504.8
196100,228097.6
275000,339206.6
59800,77258.1
164600,130909.6
457300,376787.1
71300,107141.1
500001,473581.8
155400,153250.1
160200,162433.6
103200,116169.5
180600,190913.1
75900,92676.2
144300,146893
275000,228042.8
137500,117070.2
101200,95659.2
201600,278892.3
311600,274435.6
215200,210168.5
488900,290152.6
109800,107834.9
81000,96827.2
500001,423855.7
438000,401420.2
303800,350556.9
185400,203083.7
339800,326798.8
171400,199669.9
225000,254131.2
249000,252575.7
194700,194705.8
166100,148600.7
233900,202936
98500,138554.5
197500,139666.2
260100,290349.3
157600,166495.4
238800,266982.9
75000,81725.6
496400,375973.1
500001,509086.1
103100,106723.7
243800,237300.4
304100,312499.5
168000,161581.7
309100,328815.2
174500,136806.3
290500,248073.5
382500,326892.8
232800,205484.3
500001,459780.3
106300,121440.2
97200,105900.7
209100,195003.3
192200,183317.3
88500,86021.5
129900,143087.6
87400,120098.4
208700,202968.4
237900,242070.9
170200,160196
324400,295341.5
106300,217831.9
239700,235258.9
60800,58186.7
81000,107029
59200,76952
483300,439679.8
369400,357616.2
183100,187649.9
100000,121072.4
123300,152066.7
168900,180306.8
234300,218663
120000,142364.5
105500,105224.2
190700,150716.4
267900,351045.5
396400,282736.8
190400,183461.5
241900,227953
253600,225797.3
215900,259424.4
174200,203191.5
99400,96426
146200,125068.3
166700,221884.5
103000,120024.4
325400,243660.5
266200,267197.9
164600,193534.6
244700,326714.4
123200,131287.5
500001,438732.2
275000,329001.1
145000,162465.1
500001,505653.4
66000,79372.7
146900,203288.5
126200,123728
182100,199419
199300,175633.8
281300,323461.2
287600,282578.8
500001,463525.9
300000,256558
477700,484103.7
168100,217634.3
114200,167028.7
159200,170602.4
177500,211670.5
348600,400359.9
429300,432521.7
214300,132211.9
151200,128604.6
500001,288522.1
170000,219642.9
326100,288480.9
500001,398116.3
151900,141045.5
90300,82315.8
330400,370844.5
324000,363257
400000,201317.4
112500,82971.5
59100,85560.2
207600,238257.9
102300,177937.5
276200,363143.6
283300,146964
335000,270900.6
58100,94944
176700,207746.8
59500,61046.2
106300,127949.6
247600,281787.3
199000,179365.3
238300,239097.6
219600,255241.1
225600,250849.4
500001,517611.2
212200,168130.5
395500,391161.6
64400,84777
140700,110813
152000,182791.3
275400,294018.9
95800,151975.4
165600,185336.5
156100,166908.6
67500,78771.5
82500,98600.3
340900,332038.8
207100,190970.4
61300,112232.6
154200,157056.9
164700,175011.1
350000,220796.3
77300,66637.6
286700,325339.4
134300,135535.8
140300,101583.3
277800,251491.3
96800,153943.5
139700,113656.5
251300,263279
500001,375922.4
157900,172514.1
100200,89187.5
127700,113048.7
133700,119755.8
227600,230266.3
110400,84764.8
248100,259473
305600,270287.3
214600,206375.1
227300,264821.3
177200,188261.5
84700,52979.9
451400,403145.7
500001,372129.8
122600,107666.8
318200,315205.1
265600,309120.8
155700,164593.8
87500,85536.8
83200,94927.5
244900,225365.4
94400,93457.4
177400,255700.7
260300,301474
108800,105570.6
250000,249162.7
173600,188858.2
85100,81310.6
70700,111600.5
95800,108986.7
166700,240432.6
70700,86604.4
114300,129265.2
313400,313282.9
107600,143642.8
490400,372966.2
170800,187534.6
139900,134392.1
312000,388003.6
218900,201412.5
118400,131716.6
83600,120847.5
110100,96503.3
40400,97471.2
500001,448062.1
105200,103651.1
160300,152121.6
500001,393709.6
408300,331772.8
172200,195029.2
150000,174532.7
141700,135481.6
166700,205493.2
500001,528441.9
149100,157064.5
219700,233895.1
127900,135215.2
186100,128074.9
158300,166442.6
177500,156471.3
101300,124567.2
139300,127137.3
293200,274777.5
350400,293738
94100,100178.1
40000,76938.9
91600,115053
164000,124898.9
153000,173588.8
78900,82325.2
129300,132861.9
80800,96531.8
92900,100713.2
219600,231950.7
120800,94916.7
307600,204341.1
142900,138586.8
500001,369522
126200,174792.8
112500,68762.1
292900,294679.1
208200,210436.8
187100,198258
175600,188007.2
205600,209643.4
440900,341304.3
87500,131327.9
358000,288151.2
183900,229949.1
158800,144589.6
282000,298290.8
229600,235860.8
167300,179381.1
183600,154229.7
127400,118018.6
355600,335597.1
273000,271247.7
472200,421291.7
370000,346740.7
79200,80124.2
193800,224599.3
164200,129798.2
155900,133883.4
441400,419072.2
74300,85193.1
495800,417194.5
45500,48393
182600,234302
143800,154856.8
199200,201525.1
81100,77117.9
310800,332777.3
183100,195765
276100,310697.8
275100,276064.7
288700,285331.4
126600,114797.4
364600,251482.9
300000,307978.2
116700,113662.9
162500,376604.7
500001,508897.2
261500,297825.2
145800,150394.9
260400,319593.6
171400,172929.3
169500,195788.2
131300,142507.3
199600,185063.6
163300,134432.3
254400,374221.7
130500,120955.1
71000,101651.6
175700,172443.8
160600,196244.3
500001,444487.2
161800,172320.7
337400,310676.8
129200,181465.4
77100,100718.4
158700,136957
285000,355602.6
384400,381021.7
137500,100254.9
157200,160274.4
221100,286574.7
126500,143932.6
165100,175041.6
125000,149548.9
83300,91729.7
500001,430870.2
212500,194042.1
226100,239716.8
56000,59865.1
351100,254957
136300,179136.2
84200,74114.8
200400,250927.3
320400,249380.4
126800,90537.7
330100,350888.7
220800,220775.3
241400,287784.2
214500,231487.9
120700,136731.1
138800,160062.3
262500,220512.8
231200,234378.4
352400,320293.1
128600,121905.6
164400,201502.3
122500,136112.2
76800,57757.2
66800,75884.5
112500,110127.3
306700,260584.9
370800,284322.6
307200,384199.8
55600,67033.9
205100,198727.8
55700,78814.3
295100,317167.4
209600,201658.8
350000,302900
141100,144940.3
322500,310114
114100,123567.2
49000,61924.9
203400,153413.8
129000,160472.6
210300,201173.6
288400,204768.4
141700,159329.6
86400,103398.1
87100,85432.6
86100,78611.2
250000,350830.9
93100,104252.3
87500,85042.7
337200,340645.6
239100,326170.1
90800,93242.4
70700,92472.8
92600,83159.2
362100,374062.2
96000,57428.1
500001,511819.3
61900,64119.5
181300,161933.1
125800,119665.8
280800,205326.9
130300,172493.2
70200,103816.3
99100,105473.3
120100,122981.1
116700,102947.4
170600,184525.2
221400,176464.7
500001,489814.4
92800,142975.2
159400,197336.2
71300,56629.8
184600,176030.4
110300,85224.7
97600,147247.8
139700,168741
48000,60067.3
253800,244493.6
250000,252704.2
89300,95459.1
175000,212777.2
278600,294146.6
78200,91145.9
350000,279549.2
70900,65791.3
237000,230406.7
108300,91874
158700,144123.7
434500,414871.3
456300,465832
191700,174755
68300,78440.9
112500,152007.1
207000,218025.9
61300,80511.5
131700,127187.3
162500,187471.4
154200,156815.9
168800,216448.8
109800,140549.7
233300,255140.2
58800,129602
237500,190788.2
350000,202771.8
197000,279317.2
134700,172608
100000,138516.7
348500,356008.1
285300,294793.3
72100,82588.8
68700,81889.5
142000,145966.6
190000,203783.1
134800,140785.6
195700,233022.6
52700,73090.2
289900,331906
179100,100060
87500,174101.5
115400,118224
66800,61771.8
58100,53014.6
106300,294092.6
245700,295589.1
94300,86584.3
170600,150315.3
127500,107288.4
67300,84909
383800,261629.9
168200,191809.4
184200,186832.1
60300,70295.4
276600,310450.5
68900,66025.2
267400,250735.6
222700,204036.7
93200,114582.8
192600,203682.5
116700,79688.4
258500,293224.4
216900,205903.9
205000,198256.4
168300,177865.6
223100,227540
79500,112353.2
133300,117442.5
170800,157759.9
159400,110439.4
200600,194486.1
87000,97221.9
81700,98152.9
158300,145161.3
317800,418604.8
91600,164107
474600,407652
255400,180988.1
325900,409548.6
140300,141028.1
265700,289730.1
92600,119734.4
334300,343544.1
101100,119682.5
94500,89757.1
223000,239085.7
72300,80022.1
131900,138962.5
118400,129169.7
87500,114262.1
105200,113557.6
152100,176047.9
98500,173778.7
127600,153949
125300,144062.9
30000,67988.1
368200,329454.3
231800,187311.8
151600,193446
245000,237737.4
106600,113179.7
144000,145269.5
58800,87758.8
218800,244849.1
244800,247037.9
483300,511136.1
161700,168952.5
362100,371133.2
135400,180778.6
157800,220566.9
137500,105860.6
142700,135400.2
172900,181047.6
138000,116104.3
268800,159530.2
132200,155230.1
290700,270803.2
163900,159970.8
210400,221205.2
283300,375898.6
180000,174010.6
148800,169497.1
200000,138547.5
98400,123390.7
195100,255368.9
324400,330509
500001,525513.5
203700,179268.1
500001,475993.3
133300,101621.6
129700,120675.1
107800,140883
60400,65751.4
176100,184071
201000,219194.8
190600,139840.3
160000,129754.7
191900,187759.3
290900,202347
90000,77970.5
375700,418634.1
91900,91852.5
216300,213850.9
384600,335617.7
246500,258975.1
107800,93862.9
63500,68430.6
206700,203717.2
127900,138852
103400,118176.1
320800,200216.3
233300,197342.9
204700,181220.3
86700,93432.9
193100,218070.7
230800,224872.1
129500,133997.3
178100,230990.3
113500,107798.9
118800,101197.2
234400,293097.1
85100,105177.1
102400,111393.1
121500,190920.4
158100,182115.8
75800,99631.9
251200,264458.2
204100,267655.6
380400,389343.5
74600,87697.5
316000,197470.7
153500,97131.6
215600,226572.4
289600,260610.1
190400,198270.4
222500,215882.2
265900,295188.6
258100,238303
135200,156601.3
99500,86468.8
51300,57473.4
245000,264095.4
500001,486077.6
57500,83580.3
323100,334141.8
114200,142803.3
56100,40408.5
218900,199119.7
112500,114226.8
500001,385008.2
73300,78940.4
109900,89631.1
164200,173012.5
150900,159186.5
121000,154952.1
243600,253705.8
172100,181631.6
437300,454590.7
94200,125203.1
187500,141926.4
137500,181518.8
500001,509948.2
500001,266045.5
343500,343993.6
268800,233221.6
88500,71495.7
99300,82943.8
500001,497065.1
47900,58463.7
213000,133062.9
500001,343348.4
43000,53995.4
400000,300279.1
373400,267886.4
335300,335291.8
315200,352583.7
274600,259751
298100,335817.2
236100,125072.8
500001,480421.2
141500,128676.5
82300,73663.8
122200,94713.7
108000,102167.3
247700,287023.5
302400,314028
255500,289009.2
47700,47919
88700,111892.3
95700,75656.8
132700,120410.1
326100,283404.1
238700,245908.3
286300,260724.8
313300,223978.9
234600,260636.7
129200,154316.7
338400,359093.4
112700,120439
291200,318563.6
240900,297645
177900,189176
154700,151837.7
114400,113567.2
93900,130324.4
179800,169677.8
102200,127783
424600,390295.1
62500,70532.2
131300,177610.4
171300,191607.3
500001,482610.3
58200,57384.4
500001,509906.1
415800,316669.2
183300,208572.9
179500,173940
252000,276630.2
158300,149430.8
80700,85412.2
264000,202113.1
258300,217812.6
343100,381650.8
227300,213899.9
231900,283847
141300,236409.6
114300,159102.7
164800,223960.5
155600,192927.2
500001,496248.3
101100,106038.1
85000,94124.3
66400,64166.2
210300,223562.9
305600,256355.1
96400,97345.8
89700,144415.3
284700,278580.5
191300,249717.7
198400,178434.1
162500,140153.5
500001,428262.4
165300,193280.7
287500,243945.3
500001,525478.6
252700,204713.5
222500,235353.1
116700,103813
450000,238494.1
247900,207692.8
313700,307882.5
273800,258500.3
81800,79459.8
224800,272418.7
73600,121174.3
500001,450655.2
152500,127470.7
54400,72763.3
91800,104086.8
252800,245999.2
108600,113123.8
140800,191077.9
162500,130028.6
331600,287673.1
127600,114387.2
101800,108185.1
219500,274044.1
233100,266075.7
53500,99647.1
81400,96230.4
173200,194288.8
150000,106133.2
110400,76214.6
130800,146105
184300,194328.1
57500,65306.1
196900,210001.6
72300,63111.5
155800,144737.8
230200,157120.4
180100,279663
303600,313048.5
76200,88185
208800,183358.1
162800,134805
82400,93269.6
374100,429209.2
91900,112915.3
91700,81598.3
141800,122742.4
441700,381948.9
128100,118318
62300,86101.3
185700,208950.2
99200,130314.4
224100,234359.2
238700,205529.4
162500,223123.6
500001,449669.9
108300,121276.7
380400,365212.7
138800,121799.9
90800,96103.8
116400,106163.4
262500,171838.4
66400,84369.4
184200,185957.9
112500,165978.7
143400,213781.7
375000,345231.7
252700,247328.4
350600,332180.7
184400,242029.1
136100,143659.5
351200,429083.1
68900,76695.7
89500,100511.9
218900,294454
280700,271480.1
465600,521007.6
167200,139247.8
344700,405873
154100,182851.7
342300,456067.4
339100,400748.2
54600,51362.6
500001,492800.1
140300,156883.8
159900,151129.1
425000,266707.6
340400,218805.8
302600,307405.9
108900,102887.4
341500,363461.5
114200,127200.5
123400,120731.4
272900,215633.7
51700,71757.8
351400,297575.6
329200,297746.5
211800,185358.9
213200,248590.2
333800,403850
160100,170397.1
176100,169451.1
261600,308146.3
129100,134211.4
219200,195780.9
160800,120270.5
121100,120198.6
50800,61236.3
208400,235539.8
358500,371324
150000,181947
153300,161623.6
219500,191662.4
171300,162319
269200,298649.3
202000,219013.2
109800,97270.8
104200,97625.1
121300,170546.8
366700,412326.2
120000,136804.5
183700,176176.8
178600,196730.2
332000,269350.4
73500,115905.4
105200,127645.7
87500,97532.3
97300,83654.8
89400,87940.6
156300,203789.8
118000,141102.7
58700,49509.7
319700,303905.7
128300,161058
147900,191215.6
128500,101859.7
500001,562505.1
137500,194567.3
354900,360888.6
425000,324962.7
256600,188404.4
60200,64309.4
295300,295338.4
282500,194261.8
268300,192493.9
500001,406566.5
117800,146767.2
496400,388982.2
171100,192795.8
230400,216359
159100,184665
162500,134977
253400,267212.3
500001,463777.8
166900,183670.1
329100,304924.7
216900,156387.5
110000,264995
169600,244770.5
98900,105511.5
190400,170727.5
244000,224603.8
117000,116978.7
218400,182926.2
96900,116074.4
218300,304477.1
187500,181587.8
350700,379263
162500,146748.1
138200,205475.2
173900,162029
62000,66820.4
164700,202348.4
263600,230428.4
173900,230711.2
242500,231986.8
163600,161374.9
244100,245017.5
254100,203581
169100,180250.1
144600,156100.8
500001,413288.7
79200,91411.5
99000,129769.5
331200,321524.5
88300,115975.2
356800,356701.5
147000,132849.2
118800,111296.5
55000,166796.5
500001,515192.5
436700,262066.4
140300,189115.9
250200,242104.6
296400,337990.1
153600,199030.2
204900,250965.5
249400,297209.3
453800,440575.3
270800,260777.5
206300,174875.6
162500,147546.8
357000,266535.4
74700,97741.6
267000,201750.3
192300,201159.9
171400,222963.7
71700,76337.7
500001,496739.5
191700,183275.1
368600,379296.6
157300,192455.3
188400,183339.4
381800,346684.9
80300,80170
165100,168757.8
293500,366858.5
99100,154280.7
134100,123227.2
309300,291405.5
124600,113468.8
121900,182677.9
140600,110374.9
395700,321909.1
137500,134736.2
241900,235714.6
152400,185176.7
183800,209908.3
271100,260928.7
201800,166435.9
244300,171351.2
121600,163341.3
206300,195664.8
229200,269308.9
94200,93033.6
182300,160234.4
211500,137531.4
44000,60960.6
500001,472472.8
157800,170088.1
450000,137151
134400,182094.9
270100,266407.8
190900,202396.8
169700,159383
138600,160798.2
135000,139943.8
73800,115964.7
500001,425900.8
193900,183030.7
332100,303114.6
202800,199703.9
261100,281424.9
191700,193888.9
215900,192685
237700,244794.1
500001,364304
224700,202292.5
96000,99720.8
275700,291884.6
216500,208024.9
255200,260995.1
191700,209123.6
115200,116422
93800,94048.7
101700,104547.5
160300,176709.4
266200,297496.6
119000,126441.2
218500,209266
275000,303358.3
267300,307433
444400,368281.3
128000,145304.6
105700,83961.9
277800,236141.5
92400,97171.6
164500,137416.1
264600,231637.8
359500,415669.8
184600,201909.7
237400,255461.9
480600,298051.5
168800,179353.6
191300,203402.4
276100,295304.2
294000,184641.1
175000,148735.8
381300,334550.5
60000,55625
360300,302573
257700,126240.1
500001,515839.5
294300,326152
188600,221860.4
189200,196750.2
367100,408718.2
154900,111980
67500,77317
172800,189330.8
93300,112899.3
97700,80910.3
85200,139885.5
117600,117561.7
181300,206980.9
252200,238349.6
232600,295775.9
297200,272051.8
237400,282012.2
152100,161941
115300,118188.5
276400,310251.1
197500,180262.8
218500,288517.6
238600,311246.7
83900,111955.5
314100,150571.1
201300,157396.5
156000,312291
67500,130163
203300,222421.4
187500,221467.3
110400,76720.8
174000,164134.6
141700,170416.5
82100,97711
186600,154893.4
186500,198206.8
167400,173910.7
183100,180840.7
112500,98888.7
181800,114137.8
118500,115246.8
500001,438315.9
78400,87679.5
240800,227180.5
125000,145549.1
243200,208063.5
180200,193293.1
272600,294767
159300,178004.5
81800,103133.8
112300,107462.1
261300,252539
162500,147883.4
175900,184660.6
239800,301186.3
67300,83807.9
81100,141314
179200,137376.8
234600,237124.1
254600,259637
500001,521573.7
203100,167115.2
500001,473231.9
231800,258218.5
187500,176440.1
492300,411946.7
266500,196408.6
183300,124659.8
433300,438326.7
384700,273447.6
103500,107182.6
135800,105349.1
207800,206883
330300,342298.3
500001,518982.8
293500,233567
269200,237311.3
249400,204883.1
108600,89400.7
177000,188404.6
86100,108732.7
412500,398758.7
117100,150947.7
180800,153282.7
214100,238701.1
63000,88368.3
311600,299040.2
165400,216892.6
115600,144463.9
182100,178315
105200,97961.6
500001,461071.5
167700,155605.8
132100,152129.2
293200,339959.8
307400,258096.3
154600,118636.9
89600,144717.3
86300,104002.7
345900,393913.7
220500,147438.4
198600,177645.8
383300,329005.5
234700,222053.4
173400,156448.4
93400,79777.8
136500,108152.4
161700,165012.1
184500,179602.4
270000,325480.3
227100,225362.5
103900,91108.7
134100,169182.7
420200,418836.8
149100,146691
93800,66069.8
81300,126851.9
91800,117157.6
153700,191342.1
246400,251670.2
224100,254936.1
118300,113511.4
139900,127594.2
500001,453064.3
213200,202388.8
241900,256177.2
173900,192085
500001,348197.1
500001,508256.8
61300,82229.8
70800,78271.9
107500,122742.5
84600,132436.4
152300,116277.2
254400,234694.2
101600,102038.5
381400,265605.6
47800,50944.2
231300,262712.6
69800,79775.2
316700,233359.6
285400,353922.3
67500,158732.6
255100,239560.4
172100,200997.4
122300,150673.6
114000,182278.2
181200,179307.2
54600,76666.9
382200,392602.4
175000,226806.3
131900,158387.4
280400,291981.7
191800,234351
128600,206659.5
60900,66294.4
295400,182175.1
237100,191637
100000,121480.6
229300,259306.1
455300,466509.1
120300,87611.4
137500,166435.3
112500,86872.7
145200,158087.1
175000,193804.6
73300,79712.3
167400,251630.7
234500,164084.6
161400,186137.8
58000,61922.4
63600,98922.6
177600,185681.5
325000,192225.8
116700,115211.9
188600,193471.1
50900,60507.8
322700,326933.5
228800,236115.8
394400,347827.6
116900,129691.6
240700,249792.9
299200,251594.1
266700,257484.2
60300,81763.1
87500,114246.8
225600,229845.7
117200,117314.4
189300,218160.9
193800,226665.3
67500,79616.2
174200,164508.3
200600,209218.6
91500,157490.2
241400,214632.3
500001,478213.9
332600,264979.8
142500,165080.8
88700,86184.4
103200,103411.1
191400,216784
168200,172252.9
167800,119935.5
117800,155510.3
100000,105035.2
260000,237288.4
81300,95678.4
142600,160899
69400,90035.2
138000,154036
269700,233955
145700,101597
244200,140088.7
185400,102357.1
142600,104416.8
287800,273346.6
193800,174362.5
235400,217720.7
122500,141652.7
142400,135080.2
138100,130250.9
95300,115812.3
250000,117781.9
44600,86713
155000,129449.2
450000,373783.5
65700,87865.8
91200,101111.1
345500,382053
187500,247593
49200,61659.8
262500,156616.4
246600,227116.5
153800,151590.3
162500,170635
80600,203925.7
242900,249206.5
466100,410496.8
142900,146658.9
310900,421817.2
162900,119721.2
162500,171252.1
267100,240112.5
142500,161655
182600,118689.3
244900,217173.7
350000,284765.2
94300,105174.1
108700,102633.4
158300,134644
64500,63371.8
140600,127662.3
118800,103107.5
286400,257476.4
468000,345462.9
134500,152092.6
75800,78786.6
306700,336316
164400,154996.2
119300,132920.6
108900,128966.1
65800,67601.2
339600,294628.6
139500,141940.3
98200,120962.4
166700,158771.2
135600,111944.7
500001,477678.9
226900,215585.4
186500,226780.6
300000,171952.5
394100,399226.3
170800,213781.8
223700,217518.9
144400,125295.5
160200,160009
311500,295390.8
161100,156369.5
281100,273410.8
327500,325854
144800,204350.3
353600,321950.5
189900,190831.7
379800,380284.9
218400,272055.3
318500,312351.5
162500,161152.1
253800,328592.3
190400,178298.8
174400,169908.9
213700,179571.9
101500,111511.4
122100,130200.7
93100,117639.1
44600,52420.7
320600,334168.5
121400,149219.4
500001,461392.3
301600,293931.6
89800,107012.8
221000,238188.3
229400,232716.1
256300,259596.9
379000,341862.6
500001,452737.4
170300,136898.8
175900,182641.7
83200,132626.3
243800,207437.8
142900,146938
187500,224144.9
115700,137504.9
272200,305369.1
110400,55273.8
151400,186201.3
142400,155471.2
244400,179977.2
138800,159864.1
253600,252873.8
148800,110058.4
157400,198640.8
119200,124039.1
172000,157730.1
92400,111730.4
62600,62557.1
79900,83820.8
149200,169199.4
160300,157838.6
183000,260613.3
273600,285559.7
282100,211723.9
137500,114565.2
157500,162101.5
98200,131020.5
170400,162026.9
193800,178185.5
170500,152463.6
146900,163951.6
247700,205320.6
118200,131301.1
231300,230790.7
138200,157157.4
154300,147906.8
178300,239577.2
226000,212106.3
64700,82410.8
367700,413297.8
82200,72345.8
500001,281517.5
192400,191728.1
500001,417442.2
178600,228384.9
225000,232818.5
213100,206702.6
100000,84633.8
399000,379270.6
68500,74562.7
500001,525535
500001,512217.4
64100,58838.9
137500,330121.1
276900,267050.8
55000,80793.1
500001,417243
57800,60199.5
169300,161858.5
262500,241107.1
96800,93033.6
320000,341807.2
247900,230980.5
275100,252482.8
162500,242128.4
268800,256765.3
230400,229636
107200,129969
175000,218120.8
227700,172586.1
360600,329910.2
151600,167960.6
185300,195126.4
146300,113877.5
165900,207454
234700,204581.5
69700,78170.9
195800,93052.8
397900,346534.5
101600,112817.7
198100,176950.5
298300,249503.2
74200,131312
190600,194926.1
219700,235543.6
212500,265354.2
176500,188044.7
185200,209405.6
62300,74065.1
93300,124145.6
216800,218939.9
78200,77697.1
86700,107596.9
60600,90843.3
187500,206131.7
492500,352778.3
262100,274603.9
151400,197482.8
98600,182470.1
287600,259173.6
223700,186029
233100,237158.2
500001,362280.1
187600,164800.3
49800,94257.1
143400,134460.1
179500,169808.1
137400,156922.7
137500,136118.7
166100,143217.9
340700,352219.3
231900,288974.8
254900,268297.7
125000,128174.1
500001,390249.6
167100,182421
284900,262986
83300,162132.9
285700,344812.7
321800,347672.6
125900,137328.3
130000,122518.7
500001,369375.4
201100,194567.3
272800,186978.3
100000,105708.3
295500,285129.4
235300,150317.1
174600,163336.1
268600,308337.2
64900,58344.3
165700,180770.9
150000,239903.1
84500,129943.8
48500,60187.8
182700,171839.9
145700,134630.8
91200,60986.9
139200,163987.5
83100,133109.8
95800,108656.2
74800,147609.6
149700,149050
150000,100926
148700,142193.4
192500,185818.4
129200,137831.3
75200,76962.9
175200,189472.3
200500,117939.4
307400,255716.6
94300,83654.8
190900,173451.4
202600,262121.8
143200,173115.1
84700,69517.7
500001,484032.7
500001,513401.8
111700,120266.9
97500,164719.7
410000,273600.9
340000,408048.9
311900,301697
139500,87586.1
169200,184514
155300,162257.6
468800,396986.4
450000,441294.7
156300,220511.3
217700,211376
224500,195497.8
288900,307879.2
190600,182434.8
275500,287029.7
174800,191354.6
186500,177072.8
342700,326185.4
479700,352514.4
335300,362074.6
77500,107372.7
228600,196989.6
181500,193642.7
500001,484873.8
50500,80562.2
500001,527246.1
488500,401725.1
181300,160936.9
49800,54682.3
143800,128944.5
74500,84461.5
475000,108031.8
130000,129605.1
347600,314451.8
115600,109750.3
289700,242461.7
105800,121146.1
170800,211545.9
101600,111671.8
221800,245070.2
106800,94265.4
160800,162952.6
209000,218930.2
142800,163950.6
111900,156240.2
83100,141003.2
173600,206636.6
196800,220945.3
155400,151552.3
500001,437011.8
396400,412889.9
291700,385910.1
86300,109072.8
235900,225658.8
134900,137364.9
120700,107074.1
158900,169136.4
87500,102864.3
137500,258347
319400,362833.1
100000,95065.3
261300,257867
161100,202824.4
187500,235009.6
246400,200046.1
209000,198538
287100,299137.6
267500,269388.7
175000,154840.4
124100,131258.1
340400,319247.1
312500,314732.3
90500,112669.4
144500,175901.1
261500,236766
110000,165957.1
75000,291892.1
195700,245523.3
97300,102552.9
181300,190715.6
97200,101752.4
213400,238881.5
141500,175575.6
96700,102574.8
196400,176113.2
110400,123152.9
184200,198303.5
112500,115144.7
313800,308019.5
137600,129024.7
112100,113115
162500,153607.5
185600,199374.8
176300,208390.6
156000,185587.2
240200,266370.5
241100,210999.3
150000,97899.5
292900,252228.1
107500,152575.6
295200,355239.2
143700,159145.3
141100,161087.8
239500,258073.3
271500,281367.9
194100,240214
71800,88210.5
166300,157951.8
158800,193534.6
94700,98117.4
294900,323067.1
243900,237927
500001,481381.3
239300,184080.5
154500,170506.7
60600,83225.9
206700,194510.2
151300,111584.7
292700,259318.8
241700,236806.3
164300,185812.5
107000,106112
90600,104499.4
500001,520241.5
262500,331367.3
247700,295881.3
65900,96129.4
92000,97083.7
86900,87131.9
223000,209222.6
156700,104383.7
166300,182589.7
158300,172845.9
88200,110804.8
300300,280276.6
142900,172538.7
190600,192375.4
197400,201978.9
121300,125632.9
115100,135019.1
120100,121965.4
137500,89318.8
55000,377968.7
134400,106897.8
372700,360051.7
148000,177929.2
48300,70308.6
162000,180034.5
188500,253641.8
261800,328218.9
181300,187442.9
500001,460400
180900,189718.5
275000,217541.4
146900,211137.3
500001,428525.1
65000,75713.1
84400,95926.3
343700,407014.5
122800,104916.2
123500,129650.8
111800,121488.8
162500,134273.2
348600,307595.1
214300,187732.9
178000,178561.6
340800,297086.6
133900,163626.6
105800,84978.7
272400,289844.2
72100,101643.2
76600,74533
177300,145424.1
86600,96343.7
279800,249368.1
500001,488093.5
146500,103386.9
329300,333990.2
177800,173008.4
218000,214019.8
293100,336002.9
67500,76587.6
187500,172459.1
143800,211128.7
160300,153040.1
257400,253317
186700,262525.8
222800,259380
266200,219426.1
86900,109985.3
380300,370965.3
259100,267632.8
324600,328929.4
239200,126792.5
180400,225247.6
109900,118384.6
104600,110644.6
108000,134377.3
205800,209212.9
53500,59323.1
140900,157906.2
187500,183104.5
160900,239903.4
150100,159687.9
162000,172252.5
207900,195817.5
94900,94695.1
125000,364796.8
326100,252113.8
87500,115174
243800,262171.8
221100,259862
163500,173513.3
469100,461832.7
219000,297514.7
137600,151052.6
105100,110225.1
329400,368288.8
85800,94215.1
500001,516059.4
266000,239459.8
142700,134833.8
77200,94687.2
168200,154166.3
64100,76059.2
87900,125865.3
287300,360835.2
385700,235302.6
105500,123451.9
169400,184065.1
63700,82457.5
143800,124083.9
391200,343500.3
100000,139209.2
55000,271697.2
240600,312919.9
500001,501868.8
208200,235894
111700,108393.3
307700,315175
199400,162229
79600,86293.5
112500,132550.5
121000,107681.7
296400,255632.8
500001,493739.1
396000,395935.7
191100,218594.4
96800,113298.2
125600,121181.2
73200,84676.8
113300,135187.1
270800,275918.6
201000,235754.8
128800,140007.6
185500,121019.3
118800,135588.2
161600,151770.5
235600,218460.5
500001,509622.4
167800,169030.8
51300,77603.7
158400,179633.4
500001,451075.6
264600,276313.2
195600,185479.9
186600,178571.9
55900,57787.3
205700,193876.7
203200,160744.8
160600,197095.1
246200,286274.8
318300,327383.8
500001,437954.7
76600,81936.5
254100,221322.5
120600,122455.5
54700,68746.7
418600,275579.4
234000,237652.8
500001,396434.4
58900,68802.9
59000,98636
165200,128648
218600,177107.9
190600,292548.6
50000,89389.4
243500,255375.8
207200,211898.1
500001,516451.6
320400,307043.7
239900,257655.6
153400,187250.6
500001,522780.5
129200,146860.4
150200,202050.4
116100,146180
150000,183939.5
270500,270714.4
126700,160084.3
250000,294464
154900,156259.7
217900,161111.3
83100,79440.3
75000,91019
160000,165174.3
164800,237306.2
56800,63592.3
331000,403709.9
432400,415560.3
218200,233539
356100,360572.8
274100,253049.7
200000,257758.8
162900,181547.1
175000,186701.3
215300,215230.5
231700,211884.7
390000,242037.3
500001,486634.9
213100,219947.2
105600,108003.4
231800,130868.9
175700,204672.4
137500,259454.9
265500,277382.6
500001,414260.2
237500,218229
95200,141877.6
318200,332883.8
162500,163534.7
240200,265712.1
193800,240528.4
500001,500887.7
127900,187298.5
382100,324652.4
119800,128999.7
365800,404935.3
500001,479114.1
114100,100330.8
89900,99712.6
500001,513060.9
129700,141680.5
157200,144555.2
173700,202241.2
68200,107603.5
144800,132033.5
56400,86247.1
88900,108558
147500,136269.5
53800,50851.8
315200,263713.5
236500,244837.9
267500,228147.9
62900,72251.8
81300,117187
197500,173977.2
254900,283320.5
316500,308816
98500,114552.1
255200,230877.3
121400,93871
136400,188556.5
351900,304845.2
183800,228292.8
147700,177550.1
110900,142234.8
126900,207069.1
57500,59138.5
210200,222155
165500,152818.6
212500,187651.2
54100,54966.6
294900,384430.8
201600,205985.9
215500,189805.2
109800,124440.2
187300,223801.2
113500,122435.8
150000,168207.8
205100,242088.7
192600,212531
197500,250101.6
187500,133008.7
165500,218518.5
381800,357912.6
500001,463841.3
143200,159371
184100,211265.7
135000,199568.2
109800,139622.2
230100,231467.5
500001,421224.1
198800,169244.6
356300,337327.2
144500,117644.6
187500,145644.4
145600,150909.2
173300,215935.2
252000,262887.2
244800,224809.9
287100,253777.7
500001,516484.1
125500,139033
202400,193707.3
246400,249705.7
326700,347809.2
500001,447119.5
48900,57690.6
348200,367852.5
52500,72922.7
325000,300760.6
385000,301180.9
244500,246470.9
240300,201466.6
165700,189790.9
160800,211806
220000,233789.2
271400,203616.5
385400,313399.2
154300,146834.5
123800,135628.2
118800,121311.5
153500,167623.1
187500,220941.9
366700,328048.7
160100,174598.3
500001,473172.3
152200,152845.2
70500,74571.8
268800,302408.2
153100,169484.4
122400,163413.8
220000,187108
170800,154500.2
194000,173579.3
211000,201577
137000,132062.9
227500,239777.7
91400,107412
259300,303776.2
291200,154899.7
172400,168448.2
235600,257861.1
150000,135454.7
182200,160803.3
111300,117267.4
137500,189888.1
181300,178566.7
442900,364781.9
139100,151028.9
81800,99551.9
161600,123745.1
102600,154726.7
67600,68308.5
89000,90903.8
370000,415624.2
67500,157052.7
115100,154805.2
226500,239183
345300,210625.6
101800,136867.3
97500,115343.3
245600,223639.9
176300,201308.3
87000,89053.5
167900,193887.3
100000,145641.8
131500,161211.4
310000,348811.6
182700,176298.4
180500,203640.4
112500,116593.8
141400,173336
272900,273255.2
320200,285020
247700,210815
259800,226195.2
104800,110943
157600,189392.7
267400,258645.2
164500,152341.3
210700,150820.2
156000,171356
112000,111646.6
125000,113999.4
190300,194580.8
226400,247972.8
147400,164633
500001,476992.6
72100,114305.5
435000,416838.8
105900,83858.6
116300,146832.4
120600,138608.1
170000,191973.9
114400,116553.5
294000,186090.5
167900,168253.8
267400,281268.6
161700,176839
279400,348730.5
153800,159290.4
17500,277465.4
500001,475548.6
185000,191006.2
148800,120329.9
154600,165146.6
237700,267832.6
184100,179279.5
173600,193535.9
88300,81340.6
75200,71086.6
77700,111323.6
198600,219949.5
166400,193003.8
237900,238598.6
210400,208695.4
219500,189107.5
142800,130649.8
315400,246558.4
365500,385796
335500,314240.2
89500,96486.1
58000,87161.5
231800,269990.1
97000,117718.2
55900,98301
328100,381684.8
186200,263104
66200,82007.2
241700,249550.8
53300,35589.9
60500,52238.4
364500,318644.3
166900,157974.9
162500,135349.7
226700,161792.8
42500,74797.7
59700,59408.9
171900,221454
500001,504341
245600,265704.5
325000,179990.6
226400,232771.1
126500,163724
163800,201447.8
193800,199783.1
251100,291773.3
264600,279440.6
89800,105365.5
225600,168928.6
225400,215927.4
81700,74312.6
100000,111732.2
145700,212442.5
179200,141489.7
122200,132115.4
259800,276180.9
87500,191867.6
67500,214392.2
277000,151597.8
79200,84354.9
174100,178933.1
286000,299659.8
73500,87344.6
471400,451930.8
166300,120162.2
109100,152224.8
145800,147411.7
349000,293847.2
55000,94330.4
450000,352188.8
340300,323188.5
218800,99097.5
292100,280398.3
185300,191981.4
92500,141533.7
500001,466131.7
163900,177644.6
248000,302659.8
111500,109114.9
63000,73272.8
336900,284396.6
181300,239972
383300,417412.5
241700,343063.8
117100,126075.5
106700,148294.5
60300,67226.1
67400,79434.5
204500,274195.2
232700,319589.5
413000,408706.9
112800,131276.2
141000,183260.8
112500,100266.1
81300,92679.5
247600,166246.3
185700,221351.2
407800,447091.2
286500,248400.5
367800,345337.6
267700,327089.6
327500,359815.6
64900,114597
236400,224775.8
193800,139019.4
121400,139825.2
159500,168846.6
92700,80465.2
98000,95886.6
173300,139707.8
87100,107895.1
167300,199174.9
494000,336019.6
182800,180152
158900,129697.9
229200,276195.6
223600,194337.8
240400,281554.2
193400,243763.5
132500,188325.8
159700,160469.8
87200,121035.3
146200,199571.8
100000,109073.1
150300,196940.4
212700,234226.7
108300,204590.1
386500,342606.7
208300,260098.7
90000,126418.8
195500,188427
146900,153171.4
355100,335481.3
150000,224519.8
260800,196389.3
279800,236641.1
194100,183403.4
195600,180199.6
129700,136205.3
195100,181962.4
150500,167708.3
192700,188274.2
156300,170213.4
164800,176029.9
54100,54326.2
221500,247667.4
69500,68615.1
337300,381833.5
49600,50471.2
246400,261038.3
259500,235478.4
189300,170606.1
172500,200137
111400,132220.8
250300,220540.9
105200,105251.8
234100,238192.5
269300,184233
140000,180747.3
207400,199036.4
330200,322994.5
116000,120599.9
265600,198879.7
154600,187225.5
101500,107891.1
137500,157585.6
254500,245936
301000,333820.4
260700,258376.3
299100,242251.7
167000,178758.7
450000,342732.1
331200,305157.8
104900,110847.2
267400,313425.8
187700,234738.3
197600,234880.2
177500,205607.6
54800,59734.9
343100,314822.4
177200,137006.5
82000,107250.1
165400,107056.4
138000,208655.7
80800,118858.6
244600,217632.7
175300,191590.2
290000,312864.5
360500,286238.2
192600,202140.2
178500,138406
160200,174938.1
76900,71895.8
248000,280567.3
187500,197961.6
199800,211380
500001,417881.7
49400,49665.8
96200,102981.2
375000,92367.1
165000,173694
172900,182640.4
70000,85166.1
114800,110323.5
319100,162588.4
500001,442236.4
176100,173485.6
118800,150146.1
69100,80800.4
251800,278301.9
56100,79087.3
318300,325715.6
156700,140156.6
273600,221560.3
302000,303192.7
96900,117399.4
197100,214871.2
223900,248628.8
122900,144103.5
178500,180745.7
174000,177501.8
378200,304647.8
137700,141980.4
92900,131521.9
355600,410270.5
197200,323034.1
155000,121425.4
223600,263712.3
210700,247490.6
268400,298226.4
87500,99092.8
165600,189840.8
294400,233711.5
171600,151054.6
158300,185783.5
341200,239760.5
225000,313851
311800,338637.8
157300,159057
146200,182956.7
174200,206918.2
158200,169073.4
219600,148175.5
289300,385872.2
117800,106437.5
116700,87774.4
95200,116183.6
104300,120016.7
127600,106975.4
140800,160485.4
225600,178027.5
129900,162211.6
461300,408145.7
93500,81330.7
275000,121242.9
104300,106073.6
118800,124884.2
281100,374090.6
144000,203825.7
137500,151711.8
176100,164546.5
500001,237926.6
156500,121713.8
86500,109771.9
212200,179050.3
450000,255148.5
208100,221122.4
79200,89617.8
170900,161188.3
180500,169716.3
287700,309419.6
241900,196060.1
88400,122090.5
77500,71371.3
72900,90243.9
